artist name,URL,credits,updated,links work
‚≠êÔ∏è A$AP Rocky,https://docs.google.com/spreadsheets/d/1safK4FsrrdxRL5PEF_s-GibgVvyOlTpzx73Mbv-gFFw/edit,"KILLRITE, ImGoodAndBad, Zanthin, maliceeee, tayilorr, ladiradi, btheprophet.,FinalxNinja",Yes,Yes
Ariana Grande,https://docs.google.com/spreadsheets/d/1NPSgr4UzKl2-uwUMfxfnngM683NCqLMvm8ldExEjF6M/edit,"liaof, strangersagain, coal124, tonixander, Ivsk",Yes,Yes
‚≠ê Baby Keem,https://docs.google.com/spreadsheets/d/1-FxUYaxBqav0G6txAAixy7bhTGs86sItN_0_F8ekeKQ/edit#gid=0,"Reardon, Infisrael, Techno, DaysDissolve, Jeen, aeolowl, Jake Gylenhaal",Yes,Yes
‚≠ê Billie Eilish,https://docs.google.com/spreadsheets/d/1xwS_bEbYRSy1aVs0qE92BMMlXjAipP1pDekP5VPHz-g/edit#gid=1792554832,andrelamoglia,Yes,Yes
‚≠ê Billie Eilish,https://docs.google.com/spreadsheets/d/1wS3D9gHB79NE7LrjEF3DXUxJzfex8VbkY0-1p2aV5Ew/edit#gid=0,"Plague Doctress, ShxdowLIVE, Lin3y, Jisenku, hcaor, Jeen",Yes,Yes
Charli XCX,https://docs.google.com/spreadsheets/d/1CPS-eYOvFW-TncZblCyOzo0fTcvNJ2-yFt-Qmteg0H0/edit?usp=sharing,Jeen,Yes,Yes
‚≠ê Chief Keef,https://docs.google.com/spreadsheets/d/1oDE9gTnEG7ufPQIOMjLTegfI47qtgNCxngmxxHZL4qA/edit#gid=1792554832,"Swaggely, GloTheActivist, Glanesky, Rojas, ej, Cortez, 1017kev",Yes,Yes
‚≠ê Childish Gambino,https://docs.google.com/spreadsheets/d/1eyBjj7qPxIT_P93RaSPZf5hTJemGi5jMqSJF777OsdE/edit#gid=1792554832,"shri, mouse man, Dr. Wolf, Buddy, p4, comptonrapper, Commandtechno, Plague Doctress, slothsavedearth",Yes,Yes
Destroy Lonely,https://docs.google.com/spreadsheets/d/1J16EyxHqZD4m0VZ6g6SoY_1GC21TU7P2kk9FeteSKvE/edit?gid=2018221909#gid=2018221909,"raiden_xdd, truboat, quixotic, fly",Yes,Yes
‚≠êÔ∏è Doja Cat,https://docs.google.com/spreadsheets/d/1_NwxP5mGGEj7stY0Dr_hI_Pb4m8LBIyt3Cb-OoTJPtc/edit,"Tonixander, lookierapbitch, salcap1",Yes,Yes
Don Toliver,https://docs.google.com/spreadsheets/d/1b3kzo8hF6K5odTJIjoMEtV3qrw7g5rG_zW25K66UWEY/edit?gid=0#gid=0,"Brimcoole, garfiiieeelld,Marin,NotDonToliver, Roses,Ricky,Yosh",Yes,Yes
‚≠êÔ∏è Drake,https://docs.google.com/spreadsheets/d/1hbMpsZTravgTgLny76rqq04RbsYJBHBJtmBz1sT013k/edit#gid=1141580567,"slothsavedearth,takaTyphoon, Luna, FinalxNinja, PhilMcG, Franki8000, raglord, Soulsby, futurefan41, frezling, dylüÖ∞Ô∏èn",Yes,Yes
‚≠êÔ∏è Eminem,https://docs.google.com/spreadsheets/d/1x9tTOOqH5WpKOoptdQzABSN_x8oZbMgzIGlGH9w1IKA/edit?pli=1&gid=1792554832#gid=1792554832,"JAYDAHEATER!,GrimR3xx,Emball, John Banana,Days Dissolve,G-Man Junior, Panda, Kaisersaurus,Franki8000,ShadyFanEdits",Yes,Yes
‚≠ê Frank Ocean,https://docs.google.com/spreadsheets/d/1wlztKH_bwoTDtMZFm8-lYqzZWLCGf-XqE-gea-nGR0Y/edit#gid=0,"Jeen, Genesis, Techno, Paco, Mr. Chedda",Yes,Yes
Gucci Mane,https://docs.google.com/spreadsheets/d/1F-0vYFU1_F3IdZTAN5-H0YWvzhW88vg95AmVxZxoCEM/edit?gid=1792554832#gid=1792554832,"Rojas, Cortez, vampmoney, Kanto",Yes,Yes
Homicide Gang (HXG),https://docs.google.com/spreadsheets/d/1aV3a93VN65LvdbFwgYrL-ClFNjOlYQ7jCz6WxTeIHnA/edit?gid=414030654#gid=414030654,"Y3bu, Lil Joan, Fitz",Yes,Yes
‚≠ê J. Cole,https://docs.google.com/spreadsheets/d/1hjMtB-acUEpXYkR6TWQVeVoUzSLrAVIdy1lMoM6aFFw/edit,"Mr. Chedda, slothsavedearth, a_native_person",Yes,Yes
Jay-Z,https://docs.google.com/spreadsheets/d/18GwItf2M92QimNMAbUCfFsxCkiHlkf8DPJPLWHAcoxQ/edit?gid=1202580443#gid=1202580443,"Killlluminati, troabroa, slothsavedearth, Johnny Crimson, bsterthegawd, cool_gamez, colbyjackchedda",Yes,Yes
‚≠êÔ∏è Joji / Pink Guy,https://docs.google.com/spreadsheets/d/1FPlWbXnx94y5FODJ2qniLf0BzViNSAmj6Xdfw1ZNwQ4/edit#gid=766670282,justjaelyn,Yes,Yes
‚≠ê Juice WRLD,https://docs.google.com/spreadsheets/d/1DlEBHD-Fnqd5FE3UUIyThdqcBADkpJb0R3paqHbi90w/edit#gid=1705371403,Darthh,Yes,No
‚≠ê Kanye West,http://docs.google.com/spreadsheets/d/1SzB_OnPMN4nkwCnDZbSb9V-oyz77k2YNpqUwiMPUsRE/edit,"Monki,kiwieater, Bobby, SamV1sion,comptonrapper, Dr Wolf, IzayaTijiNews, Arco,Free The Robots,Commandtechno, Snoop Dogg, Awesomefied,rocky,flab, Shadow, Reuben,razacosmica,Marcemaire, Solidus Jack, slothsavedearth, botmert, $ir Cartier, Teeohh, Lights, sethandthecrew, scronch_, Iwan, quincythe, goat, Darkster, Marin, deka, garfiiieeelld, nik",Yes,Yes
‚≠êÔ∏è Ken Carson,https://docs.google.com/spreadsheets/d/1OARID98xCqRaBr8gyQCvI3aD4jKQDGgtedyRaiP_pyo/edit?gid=300172461#gid=300172461,"raiden_xdd, truboat, ballzach, deka",Yes,Yes
‚≠ê Kendrick Lamar,https://docs.google.com/spreadsheets/u/1/d/1RL5d8uSUfm4TH7u7himgbKS5UxzVN3D57T2cIpKDtNI/edit,"@macky, Jeen, gabu, Soulsby, Techno, Alek, hcaor,@infisrael",Yes,Yes
‚≠êÔ∏è Kid Cudi,https://docs.google.com/spreadsheets/d/1fj9HcbyLbu5NGwJzbl1lExQud3FNKv-JUU6NY4OKM9Y/edit?usp=sharing,@deka @retroshaffer @colbyjackchedda @yanviktor @Zach3656 @tysonnn,Yes,Yes
‚≠ê Lil Nas X,https://docs.google.com/spreadsheets/d/1_9MGewuG666HA1KSnqjDRZyK18BRAdxRK7yUqxHOGLE/edit#gid=1012482472,"deka, Advanced, Owen, Venkevinnn, TheEKing, Lyssa, Shadow1235, Johnny Silverhams, hcaor",Yes,Yes
‚≠ê Lil Tecca,https://docs.google.com/spreadsheets/d/15UwihAVwPeS6eIE1FE1J6v7xiBYFkculVrzhMSIcEew/edit?gid=0#gid=0,"Brimcoole, ColbyJackChedda, bxpolar, Alex",Yes,Yes
‚≠ê Lil Uzi Vert,https://docs.google.com/spreadsheets/d/1zqqdIds1iwnx4lh29iF1IlraeuqfGhxH9qLNlWOnryo/edit?gid=1160569231#gid=1160569231,"dragonplagues, acservices, Marin, Froste",Yes,Mostly
‚≠êLil Yachty,https://docs.google.com/spreadsheets/d/1HNCx_ZnSuU2D6OTO8gI4OIt9xeJAUH550uY4ww0sWdc/edit?usp=sharing,@RomaniFiles,Yes,Yes
‚≠êÔ∏è LUCKI,https://docs.google.com/spreadsheets/d/1zoRNpy7Lvr-JzPqtQLLWRVVDbgKygpBaDf4cC-Lt6k4/edit#gid=306146520,Zedroz,Yes,Yes
‚≠êÔ∏è Mac Miller,https://docs.google.com/spreadsheets/d/1g3ejWlQNOiPz6lkquTXNAb6Vk3pnCH88eGmIHqXC2mw/edit?gid=1466156873#gid=1466156873,"colbyjackchedda, rico_0 & handmedowns.",Yes,Yes
‚≠ê MF DOOM,https://docs.google.com/spreadsheets/u/1/d/1zEbzMVXFXzuY4wLdPvdQA23lb3RwCSOKqWtHsllXNk8/edit?usp=drivesdk,"@madvilliany, HeyImTy",Yes,Yes
‚≠ê Nettspend,https://docs.google.com/spreadsheets/d/1ObIUgWL_3jnZ-1eoRqNXuhOoWr9QgQ98WyqKqWEg6Ko/edit?gid=94173821#gid=94173821,"Swaggely, Fly, 7allises, Exaltz, burne",Yes,Yes
Oliver Tree,https://docs.google.com/spreadsheets/d/1rhvQ9F8VRAj-jOyTLsvhORsVCyvcMRXJuGoDR1-z4jY/edit#gid=411002109,"Cowtools, TyreimBy, Zeffo",Yes,Yes
‚≠êOsamaSon,https://docs.google.com/spreadsheets/d/1EY8jO0hOALIUP76HGL_Jf6aqwRA9qc2cT_SLZhqjH6E/edit?gid=585347098#gid=585347098,"goon, listeez, zkxg, inservin",Yes,Yes
‚≠êÔ∏è Pharrell Williams,https://docs.google.com/spreadsheets/d/1guNCg4c5AOuKjNJcxM14wPrU5xgqv7GBXHv1_nDeyss/edit#gid=410927481,"slothsavedearth, FinalxNinja, Johnny Crimson, Mika",Yes,Yes
‚≠êÔ∏è Playboi Carti,https://docs.google.com/spreadsheets/d/1rAU0sktd1GKpqo_AAWBtkXy10Px3BB_dnK9yJoN0umw/edit#gid=0,"RunAw, Homebrewed, justamz, Marin,Brimcoole, Yash, griha5438, xscapee, prodrunic, Balint, avi, Squiddy, fitz, xcxxE, ColbyJackChedda, YLS-Dev, antshortnose, heroinfather, longtimecarti, pluggcarti, moze, Kenanneo, fbg_1758_atljacob, Froste, sum, Jodanlol, Jazz, Gabe, slothsavedearth",Yes,Yes
‚≠ê Pop Smoke,https://docs.google.com/spreadsheets/d/1-Kd8molYeR1WpmWR81DqmSCGng3g-AVmZfgd752kh3M/edit#gid=0,"raglord,FinalxNinja, slothsavedearth,Pop,DarkStakerz,zestysyrup",Yes,Yes
‚≠ê Radiohead,https://docs.google.com/spreadsheets/d/1OUNNIFtTigm4XvJNMIFZP9kaTvmvBit6Yy43lZXGYQc/edit?gid=0#gid=0,"Jozzuh, Brimcoole, fuckwad, Yung Neil, hcaor, sleephead, gerald",Yes,Yes
‚≠ê Rihanna,https://docs.google.com/spreadsheets/d/1HMqjw55sCPUGyI_UBc-JcO881FHzUTX08NvQY9oa61k/edit?gid=415494178#gid=415494178,"Don Smokecrack, John Louie, ReferredRhyme, BGFG",Yes,Mostly
Sabrina Carpenter,https://docs.google.com/spreadsheets/d/1nMD75Ubegv2mIKS2cBgqN1hA3j0cH7rVU6G0PpVgDl4/edit?gid=306146520#gid=306146520,@mirrorball,Yes,Yes
‚≠ê Sampha,https://docs.google.com/spreadsheets/d/1Lyqc9CH9MPsdRb5ISk5NCWO3LMezLFTq7RFAthenOA0/edit?usp=sharing,"maliceeee, Rythmic Reason, deadmemz,",Yes,Yes
‚≠ê Selena Gomez,https://docs.google.com/spreadsheets/d/10NdIn1iVdHxt0XbZmssh7pw7p7bsbFML6hwDIF4hMvU/edit#gid=0,"@selenaontop, SF12 on disc",Yes,Yes
‚≠êÔ∏è Shawn Mendes,https://docs.google.com/spreadsheets/d/1AXukDK3k5Est81hchg8Rsc_BL3Mz7DfP45rAQCgiIsc/edit#gid=415494178,"raymeta12, @the_real_ariana_granade",Yes,Yes
‚≠êÔ∏è Ski Mask the Slump God,https://docs.google.com/spreadsheets/d/1j7_2JVQ2eyaVA6vEQT89R8XhOXUR8KTJbVgTUm_ZD88/edit,"tendai, deka",Yes,Yes
Slowdive,https://docs.google.com/spreadsheets/d/1ZuhpJKkFe5saYfftrsqEhgB2a5jT1adFNjNQwdDUZPw/edit?gid=1290736512#gid=1290736512,ecstasy,Yes,Yes
‚≠êÔ∏è Steve Lacy,https://docs.google.com/spreadsheets/d/1Ts7m74Qhnqy_50l2dLUWpAa0rVswvTuR9o1IJNEliSk/edit?usp=sharing,genesis,Yes,Yes
‚≠êÔ∏è Summrs,https://docs.google.com/spreadsheets/d/13yCSXxHCBhNGzO6kBGr_MMmRDNLu9j4X10vn_CSBuG4/edit?gid=306146520#gid=306146520,zed,Yes,Yes
‚≠êÔ∏è SZA,https://docs.google.com/spreadsheets/d/1JIx2n6x0TQCftUa5MFrfqU-XhAq2C5jqpmj6KTEoaXU/edit?gid=0#gid=0,netta,Yes,Yes
‚≠êÔ∏èTate McRae,https://docs.google.com/spreadsheets/d/18sMZnU-vRh-NWAiUfXKR_JhcpCQ8_JqFVUoHozB5EYg/edit?pli=1&gid=306146520#gid=306146520,mirrorball,Yes,Yes
‚≠ê Taylor Swift,https://docs.google.com/spreadsheets/d/1btegn2JNZDnuOovmeQrtoUZbT7kz4oQsFVoYcmHVQXY/edit?gid=605928519#gid=605928519,mirrorball,Yes,Yes
‚≠ê The Weeknd,https://docs.google.com/spreadsheets/d/1oVbHDhR5vMFr1OCZFE6saCnRdRIcbqmUMqQBJiIKb_Q/edit#gid=766670282,"InDe_eD,KrackerZ,Faded, shri, raymeta12, Googmire",Yes,Mostly
‚≠êÔ∏è Travis Scott,https://docs.google.com/spreadsheets/d/1n15Im4plMmRLhLSOduP7_Q92BAuihVUtS4lDQLPpHbk/edit#gid=699519374,lxns,Yes,Yes
‚≠êÔ∏è Trippie Redd,https://docs.google.com/spreadsheets/d/1hZdGFBZmukWGH4IlnH0NJvphwEct2XEMJT_moTFhTvc/edit?gid=186410966#gid=186410966,"raiden, snakeyyy",Yes,Yes
‚≠êÔ∏èTy Dolla $ign,https://docs.google.com/spreadsheets/d/1bo-3-xJuqPTqbVxwpezUPW6YO83xV0OMP-6bMzey3ns/edit?pli=1&gid=2000110692#gid=2000110692,"x3mili, PRODYSGROUP, slothsavedearth, yungtron, dylüÖ∞Ô∏èn, m3lt, 1221, Shadow, inDe_eD, Alek, Sophie, Marinnoa",Yes,Yes
"‚≠êÔ∏è Tyler, The Creator",https://docs.google.com/spreadsheets/d/1j4u95WiI9Zdv1T8_9M4RTb7Kkn5RjBZGoX-3v-8WFvw/edit?usp=sharing,"ColbyJackChedda, Marin, akuma, resto, Yocto, bingbof, vertie, thisu, xscapee, yanviktor, axecat, Dgtl",Yes,Yes
Wu-Tang Clan,https://docs.google.com/spreadsheets/d/1dA2h1kQffOmUUeCy6YMu8IYdGGqnhnWuabKdK7emyyU/edit?gid=1275210512#gid=1275210512,"TK, Killlluminati, DXG51",Yes,Yes
‚≠êÔ∏è XXXTE,https://docs.google.com/spreadsheets/d/1wKq7lSERmXYutRFxipNbFFc-DUdqhVXWWlFnqkzwRFA/edit?usp=sharing,"Zanthin, fart, goon, Mockingbird, justasoul, Bountry, Vlone, hcaor",Yes,Yes
‚≠ê Yeat,https://docs.google.com/spreadsheets/d/1FUzAZyTCgFTVxQ--qbCAS2bUk4dsAw6ASxwjURPHbyI,"raglord,firez, fishybusyness, moist, slothsavedearth, BotMert, Roses",Yes,Yes
‚≠êÔ∏èYoung Thug,https://docs.google.com/spreadsheets/d/12zc2reK5y8XP6SQhv1ujQtiG9VpJy7yDWwDuE-S-wpc/edit?gid=0#gid=0,"raglord, againstscammers, sloth, shadow1235, moist, ricky, monki, Masaki Mirusaki",Yes,Yes
‚≠êÔ∏è Yung Lean,https://docs.google.com/spreadsheets/d/1bAAb6E7_r-9TWlHuKY_re-KZwU2yt_3tbWGTZcKu_Wc/edit?gid=0#gid=0,"outpan, temperevelas",Yes,Yes
‚≠êÔ∏è Yuno Miles,https://docs.google.com/spreadsheets/d/1i0OISTGJvNe3vc6TKpO7vRtMJ2Re0y64eAwi1F5y26c/edit,"random asian man, lukie, yungtron",Yes,Yes
ü§ñ AI Models,https://docs.google.com/spreadsheets/d/1qzeFdpUPr7E0jOFwWSXd8LF30ZLjz1CSVEBiG8gPHTU/edit#gid=1792554832,https://discord.gg/aihub,Yes,Yes
ü§ñ Lawson,https://docs.google.com/spreadsheets/d/1KDY06JO-n9DebhdUE_w_ufk93wSaelRJs6XlqzE19IU/edit?gid=1852690675#gid=1852690675,xscapee,Yes,Yes
Comps & Edits,https://docs.google.com/spreadsheets/d/1jIuHLBSDSWACWKEwa8QxxGEdFQHddL2SvVWhW52nx1U/edit#gid=1932246858,"Sophie, hcaor, Berais, Marin!, gv, vynyllia",Yes,Yes
Worst Comps & Edits,https://docs.google.com/spreadsheets/d/1m5Z8CMbKvjLpV-iLd814_S9zGPoPMobbsYp-j6Y7vFc/edit?usp=sharing,"DylüÖ∞Ô∏èn, flip, gv, daisy, Fade, slothsavedearth, m3lt, heatdeath",Yes,Yes
üéπ Yedits,https://docs.google.com/spreadsheets/u/0/d/1UyNRgP4q_UANPRboTq9uyGdW74qx601Vs92avYrMHjs/edit,"lord_eyad_egg, Akimbo, andrewfella, m3lt",Yes,Yes
üé≠ Allegations,https://docs.google.com/spreadsheets/d/1UmXl6aQEtd_7Pu40-FVDmsrOqLbszGYhu6cJcEQRots/edit?gid=1686779664#gid=1686779664,"felix, yank, alibali, Da $hine, Wiirdo, FinalxNinja, yungicystar, Roses,Brimcoole",Yes,Yes
Rap Disses Timeline,https://docs.google.com/spreadsheets/d/1A0hf10s0otKj5WWc765TgOQhi0yH4z2urz0nIWHqc8E/edit?usp=sharing,[iaon],Yes,Yes
Underground Artists,https://docs.google.com/spreadsheets/d/1DLqscBMvR2pi2bD__I3xaGrP7zV6ogS39PrdQkQXCMg/edit?gid=168005908#gid=168005908,"laltie, lukie",Yes,Yes
$uicideBoy$,https://docs.google.com/spreadsheets/d/17EjN1Q4F-FcKGWmZcjDYtCHk9VxwbHVhSrNyzxIb3xk/edit#gid=1160569231,geeked,Yes,Mostly
1300SAINT,https://docs.google.com/spreadsheets/d/1TvXnwx_Gvwv16jtfg8plL8OBgt0T54Et9qNiMA-Aj2k/edit?usp=drivesdk,bonk,Yes,No
1oneam,https://docs.google.com/spreadsheets/d/1rtdjPkpufclNbMl5fI8sFqv1wDujz_LExp-Z-2yWubU/edit?usp=sharing,"slemns, fly",Yes,Yes
2Pac,https://docs.google.com/spreadsheets/d/162700v9WXnlARzwp49s2h_fGHOGZGT6BgvbRuaNsq0Q/edit#gid=1792554832,@Jay Z,Yes,Mostly
21 Savage,https://docs.google.com/spreadsheets/d/1JpuQcs_H2BsuHi-Xjsdh6IID0hqwJ3Kwie90WZOXuxs/edit?usp=sharing,@inDe_eD& Roses,Mostly,No
üö©22Gz,https://docs.google.com/spreadsheets/d/1kXTksc2lcj44dt7_20P4UlC0DAM4GFS4Jmz7HEnSsOw/edit#gid=574135818,@Cocaine,Mostly,No
24kGoldn,https://docs.google.com/spreadsheets/d/1EnVfwL51_-bS8Ts5ZLsev__dPyamxdMv2ak8uwPvTUA/edit#gid=1792554832,@Jay Z,No,No
6Vib3z,https://docs.google.com/spreadsheets/d/1Gk4Xacaw_IeqqcBm_1M_p4Gx3siGoIlwUp8d7hSnrAI/edit#gid=1792554832,@Saiyaman999,Mostly,Yes
6LACK,https://docs.google.com/spreadsheets/d/1eOpb5vJGKhPthHDblR5MWletHPpH3HZEEO9pvy_3ypE/edit,Deixyyy,Yes,Mostly
A$AP Ferg,https://docs.google.com/spreadsheets/d/1eR9EWx7g_W4SpzR4938NmGBj-ygk1a6J8XArjKj2stY/edit#gid=0,@Iceman,No,No
A$AP Rocky,https://docs.google.com/spreadsheets/u/1/d/1EpcXmSimueG1v3QZKzQCf7HvAxCxVJAgpHjfgrnmnIU/edit#gid=0,@InDe_eD@IAmBatby,No,No
Aaliyah,https://docs.google.com/spreadsheets/d/1QJR4Ku4Si5kLUL1P_vi9hCkkjDQvDWqafWiYc1v_Z8E/edit?gid=0#gid=0,"tonixander, looserap, magik2338",Yes,Yes
üö©A Boogie With Dat Hoodie,https://docs.google.com/spreadsheets/d/1bMVVG8pdAbrtXZYjpDF-n-3K-pX3uOpIiIfG7qWe-MA/edit#gid=1792554832,@EasyBreezyCz,Yes,No
Addison Rae,https://docs.google.com/spreadsheets/d/1hpXEs1Oyc2kQvP93oDOarBQMcIbTz0VXH8iHVPjjQVE/edit?gid=306146520#gid=306146520,"Mirrorball, needleandthread",Yes,Yes
Addison Rae [Alt #1],https://docs.google.com/spreadsheets/u/3/d/1PV15r6OaScF7A7znOwL5BW_LZ8tZhroeASLFPiKY9qw/htmlview,luvgalore on disc,Mostly,Yes
Ameer Vann,https://docs.google.com/spreadsheets/d/1MVBKTgkGvxpQfptCBHOYVIjlnLARRS4hVnd7tipkPl4/edit?usp=sharing,@thurston,No,Yes
Andre 3000/Outkast,https://docs.google.com/spreadsheets/d/1GH87oWsiQezDEkXDjq9kya1yRK-2WkWXPnYReRpMvjA/edit?gid=2046246281#gid=2046246281,Genesis,Yes,Mostly
Ant Clemons,https://docs.google.com/spreadsheets/d/1r3hjoNlAag_fv6Pby7-srz74KCTLWDZbSqOjnjmJd4Y/edit#gid=0,@Ant Clemons,Yes,No
Arca,https://docs.google.com/spreadsheets/d/19FvRIlVG3J-H5WtxHry7CwB0VZ8JRJaJDlBpDKMGk04/edit#gid=1356456432,@glitchdiva,Yes,Yes
Ariana Grande [Alt],https://docs.google.com/spreadsheets/u/0/d/1-O0FcDsotNfH2lWs6iESqtSTUaO6g-eDx8DWtPePL0w/htmlview,@RAF365,No,Mostly
Aries,https://docs.google.com/spreadsheets/d/1EqhVlcb0vWcvYCPuH_zcHhZUUzl6osK9w4Pd61_qjEA/edit,"skid, scranton",Yes,Yes
Ashley Tisdale,https://docs.google.com/document/d/e/2PACX-1vRe1aYoNvshKna8cQUmVSEQku2cko2tflJTYwpJBpqBxfxDIY2I6xWypDARNDqfo_atWmqsLQ152dd0/pub?embedded=true,IKEAIMPATIENT,No,Mostly
Ashnikko,https://docs.google.com/spreadsheets/d/1_u4QwBwudX9sJQBULs3fGw_RQqEdusSc2DbZrJ5geNw/edit?gid=147924297#gid=147924297,"slayla1, tyler, cyborg.jake, mitinys",Yes,Yes
ATEYABA,https://docs.google.com/spreadsheets/d/1CTPLBV3vNQffUySGzo1F4JqI03DdhtqBf_lcekckc9s/edit?gid=2006526517#gid=2006526517,jovial_fox_16112 on disc,Yes,Yes
Aurora,https://docs.google.com/spreadsheets/d/1JEdMm2can97WcLx1_J7xoX2m7vtJvM0BZFvvD6fkOeA/edit?usp=drivesdk,rain51db on disc,Yes,Yes
Autumn!,https://docs.google.com/spreadsheets/d/1agKp0OhugMnCFrZ1sPt4ipdhGHRTdgyLUiDb344XZQY/edit#gid=306146520,zed,Yes,Yes
Ava Max,https://docs.google.com/spreadsheets/d/1NatDlsMp3tw5rP8kKT1YmqJAa_G-nvRxwiY9eAUNztw/edit#gid=766670282,Crewe's Corner,Yes,Yes
Ava Max,https://docs.google.com/spreadsheets/d/1EfPL9-t3ncvmlwMWI1FUi--HiDaB2sTRF5V85Zyrqkk/edit#gid=436420468,@guyfilmoutsold & Oomf,No,Yes
Avicii,https://docs.google.com/spreadsheets/d/1eRRDzWDa01hT1P9wEYnOwkNihCkoCOfdh8vF6_OPQ34/edit?usp=sharing,@OptimalRegion,Yes,Yes
üö©Avril Lavigne,,jamie (ripmyheartout),Yes,Yes
Ayesha Erotica,https://docs.google.com/spreadsheets/d/17rGUQ3k3PZtRLeD6hxCxfp5iVLlId7Xr4zFD41sKZ4M/edit#gid=202334625,@guyfilmoutsold,Yes,Yes
Azealia Banks,https://docs.google.com/spreadsheets/d/1zbIENx3BG4yNIn_bNbn1oHRgYweLVXorvSUCldpqwoI/edit?gid=572928699#gid=572928699,"seod13, eckolalia",Yes,Yes
Baby Keem [Alt],https://docs.google.com/spreadsheets/d/15tzuMMTZWTsl-n6GQCWYYSgFaaE9o5CuS37F27lxVRI/edit#gid=0,@Aidan@zoaR,No,No
Bad Bunny,https://docs.google.com/spreadsheets/d/1fnP6ntFsxbVE0cYAShOpE-D1e-EoAomt2sNcgMu4jkg/edit?gid=985894182#gid=985894182,valent,Yes,Yes
Bebe Rexha,https://docs.google.com/spreadsheets/u/0/d/1G_2MUDtiMS5KEfesqIg5gVnSnfpH-1CP/htmlview,@leok,Yes,Mostly
Beyonc√©,https://docs.google.com/spreadsheets/d/1j-dbqoDK6muD2wtXoYNzN5eKPXDy1gjnZ7S4m6dhvZI/edit?usp=sharing,"Jeen,noa& raymeta12",Mostly,Mostly
Beyonc√©,https://docs.google.com/spreadsheets/d/1uuF4cextoP3D4cLTe4ekxXEsjfAGfDo6EKlejqzxXSk/edit#gid=298548692,@glorychild,Mostly,Mostly
BIG L,https://docs.google.com/spreadsheets/d/1j77GozozsmEn48n1-EjLoYP46tUXvK3Ocx79urfnjLk/edit?usp=sharing,"troabroa, Killlluminati",Yes,Yes
Big Sean,https://docs.google.com/spreadsheets/d/1IXtjgyqJyrM0oMJM2laH2kosdIYMbbHGGHUqHfVgPuE/edit#gid=0,@IAmBatBatby,Yes,No
Big Time Rush,https://docs.google.com/spreadsheets/d/1dG9R8pS56qu6z4b9doOTWMN_uatsaECSbcA850FqTGA/edit#gid=71288891,@joey8696,No,Yes
Billie Eilish [Alt #2],https://docs.google.com/spreadsheets/d/1T1wSkLkey-ijxPC_rfwXrQfUe8AwfxOoTp2BY3UmFvI/edit#gid=0,labrinth,Yes,Mostly
BLACKPINK,https://docs.google.com/spreadsheets/d/1eDyaVS7_db9w--D3erORgXswXTtv9yD0K0BFxjVLEp4/edit?usp=sharing,notok,Yes,Yes
Black Kray,https://docs.google.com/spreadsheets/d/1EqiP9dCrOx2KYeEyka-4gI1v2DmxXl4VixRiHqnbXfM/edit?gid=0#gid=0,"vxnnuntitled, righth4nddi4m0nd",Yes,Mostly
Bladee,https://docs.google.com/spreadsheets/u/0/d/1skAByFoveXb7PussjJWUBnyl5H8K79LoNpLslRTttNU/htmlview#gid=0,@VXSMC,Yes,Yes
Blood Orange,https://docs.google.com/spreadsheets/d/14PqnpEv-BCyidKmFcVY8aEvhfGO2EMdGHQ_YV-IlEuo/edit?gid=944094987#gid=944094987,Da $hine,Yes,Mostly
Bon Iver,https://docs.google.com/spreadsheets/d/1M_0MVQOEitqd4lWmSKkfnt0l8BXllqVl9JETtt975fQ/edit?gid=657880121#gid=657880121,ImpossibleWhopper,Yes,Mostly
Bonnie Mckee,https://docs.google.com/spreadsheets/d/1YHAecEbAFcbHmEvuH9x0VUx9w0mQf7P06FxOvDX2caA/edit?gid=1483939796#gid=1483939796,drunkenaor,Yes,Mostly
Brent Faiyaz,https://docs.google.com/spreadsheets/d/1cmJx1BlvgW6nYjZpiOpgzp8QZC6qN8b7op3w9D1N3HE/edit#gid=309871397,lioaf & noa,Yes,Mostly
Britney Spears,https://docs.google.com/spreadsheets/d/1EhK4h2VWHpxfoH3M1mDZ02GraxIAIkN-MnP_YADEqXc/edit#gid=0,@bsfan19,No,Yes
Bryson Tiller,https://docs.google.com/spreadsheets/d/1oBhoj7x3pWHaGBtF2m3qmyc83_5QcNc0QYDmzs5K1nY/edit#gid=365403133,lioaf,Yes,Mostly
BROCKHAMPTON,https://docs.google.com/spreadsheets/d/1gM4-rRghgRUBr2cgWNsh-nawlUuh43guAM63dYVTdt8/edit#gid=0,u/MagicalScarf,Yes,Yes
Camila Cabello,https://docs.google.com/spreadsheets/d/1XDIPvC8n0-HWXegsYWiTfcNeQ3tWwEoRAiMebPBInbk/edit?gid=503467644#gid=503467644,"milagoat, kevich",Yes,Yes
Camila Cabello,https://docs.google.com/spreadsheets/u/1/d/10l2S9uNFGegmmySVIBhJKhSNTUSIv85eTFpUcOyZfF0/htmlview#,@cleopatra,No,Yes
Car Seat Headrest,https://docs.google.com/spreadsheets/d/1-0RHGji2btS7q6oZzsCC-BU5rzLEJqKxUHR8DiTgYyw/edit?usp=drivesdk,Chel,Yes,Yes
Cardi B,https://docs.google.com/spreadsheets/d/1B1oOQfja2uluNtb2cAooZC5wGzjSSW-cSjWJjwQJEyE/edit?gid=1792554832#gid=1792554832,"Bardisoul,BartenderDeco",Yes,Yes
Central Cee,https://docs.google.com/spreadsheets/d/1mH-0v-9TvMsxeX86n2e3Mcg5h553Mh0oWuZK0jiXVQ8,DarkStakerz,Yes,Yes
Charli XCX,https://docs.google.com/spreadsheets/d/1Km4wQjafB0z57XuIYtFW2HN0zGtGzv-bRYB6VtSZfU8/,@XCX Archivist @kiwieater @Raupeka,No,No
Chance The Rapper,https://docs.google.com/spreadsheets/d/12ubYkIfcJoE2SSXYifXg8u-CN84r2hMxwNCGU9dpmss/edit#gid=0,"@Nyla_Starkiler, @FlippinFluff",Mostly,Mostly
Chance The Rapper [2018],https://docs.google.com/spreadsheets/d/1yAV5TDOh3qI5dkPNauRDDApqoFUCxB8klX9lHX4DxHY/edit#gid=0,U/WeAreNumber_One @W_1Tracker,Yes,No
Charlie Puth,https://docs.google.com/spreadsheets/d/1flw87IAvNVaUfPUrJbTGmvhUOGbYJblgmj_ccBBQ2do/edit?gid=766670282#gid=766670282,leethelemur & lonelyproductions on disc,Yes,Yes
Chappell Roan,https://docs.google.com/spreadsheets/d/15khoU6PZbAE4Kw8xFiranhyF3VGPDknUQSSbNoI2DiU/edit?gid=2030188662#gid=2030188662,kayleighrosefan,Yes,Yes
Chappell Roan,https://docs.google.com/spreadsheets/d/1SdwaLSVri2ehmt5JywM_TDQrnxaFh6srTS_tYN4kPUE/edit?gid=306146520#gid=306146520,"@Cruelest Summer,@mirrorball",Mostly,Yes
ChaseSYNX,https://docs.google.com/spreadsheets/d/1veI72cFeUcPd_la-UxAlZqDO-q-lQTU78jM17aA4QG4/edit,antshortnose on disc,Yes,Yes
Che,http://docs.google.com/spreadsheets/d/1kcPLdKhyK3YljwAgc1hW4gMOaWKHFgveZ1QU-XgEmb0/edit,rPhanlom,Yes,Yes
Che,https://docs.google.com/spreadsheets/d/15RBhwcNw09EpZYcpaScWXQLzUfkgA59uHnny2X8tTzk/edit?gid=1741821132#gid=1741821132,fitz & Zero (sheneedaride),Yes,Mostly
Chris Brown,https://docs.google.com/spreadsheets/d/1o2M9juqyzh7EUCHm0ApKx0XSnGda6ZiM1kGrOp0EfMM/edit?gid=883120125#gid=883120125,GrimR3xx & Reggie,Mostly,Mostly
Chris Brown [Alt #1],https://docs.google.com/spreadsheets/d/1jedp10QQx502yv9zDwtyrNN3yAJBKjf0CgtRUK-VjcM/edit#gid=1764996359,@AA14,No,Mostly
Chris Travis,https://docs.google.com/spreadsheets/d/1uu_Mv8agF_I-TP-y7vhvP432TuZdVLUxl5EfFSTXxw4/edit?gid=817023803#gid=817023803,GHXSTARCHIVE,Yes,Yes
City Morgue,https://docs.google.com/spreadsheets/d/1Sh_YznkU6n1o01UfosiH0zNc3ocqvYiQvLnmzcKvvHI/edit?usp=drivesdk,@sosmula on disc,Yes,Yes
Clairo,https://docs.google.com/spreadsheets/d/12TIMfX4ccTxBHjywqJeqVHR9NtqsEaxY6pyybk_O5wc/edit?gid=0#gid=0,miaou,Yes,Yes
Clams Casino,https://docs.google.com/spreadsheets/d/1rgozDgBQxmi6jGZjhjWwpbfkc_4I0gWd0CM3UomAUFA/edit?gid=411520792#gid=411520792,"KILLRITE, Zanthin, meatkeeelf0kk",Yes,Yes
Conan Gray,https://docs.google.com/spreadsheets/d/1kVn1PkIxnyxHjqzo7re7NZKyAlRDjnLSqsJggW3Hyt0/edit?usp=sharing,hesftdt94,Yes,Yes
Creamer Nation,https://docs.google.com/spreadsheets/d/1IFhQbmAps11t0xPEZNhutt6vF1eaU8zVFeBda7OqOFc/edit?gid=1739839917#gid=1739839917,"Whisp, wockexperience, Moist, Alis, ColbyJackChedda",Yes,Yes
Crystal Castles,https://docs.google.com/spreadsheets/d/12P_NLkwtnbINPGooBH5YwpUFCM8R16o_o4WMVMR7DWs/edit?usp=drivesdk,Zei,Yes,Yes
D Savage,https://docs.google.com/spreadsheets/d/1dqrM1jYEd7z2sy9_bVvL-d-kBlG7sFbHKSl3HESB7X8/edit#gid=0,@ej,No,No
Daft Punk,https://docs.google.com/spreadsheets/d/1ZPjnzdSJLRIGwscll1T8NpPFJ57CCmE4oj43NnxmaDY/edit#gid=810556526,aj834,No,Yes
Daniel Caesar,https://docs.google.com/spreadsheets/d/1_D-puv6fjwCjrx9x7qAu9oYzUfFzDLrLz1cElaXndso/edit?usp=sharing,aeol,Yes,Yes
Danny Brown,https://docs.google.com/spreadsheets/d/1ybtg3wbiB63eHKGv8_ZFek3qQIoRbB8DUYAWObfeDZI/edit,@madvilliany,Yes,Yes
Death Grips,https://docs.google.com/spreadsheets/d/1pogjtB01aiqXoc3Hun4wJZbWVA6eRerzX88BNnoyM2Y/edit#gid=0,Kanye West#7874,Yes,Yes
Deftones,https://docs.google.com/spreadsheets/d/16wzspV6U33C0DZ1Q-jwBl4onRU_7E6aMl5_MhfVKqAs/edit?usp=sharing,Vodkalpover373,Yes,Mostly
Demi Lovato,https://docs.google.com/spreadsheets/d/1t0KtTUiB68rItYX04dioGL2mxnftXk2hFrPovIA7vCE/edit?usp=sharing,"raymeta12, cheesy leaks",Yes,Yes
Denzel Curry,https://docs.google.com/spreadsheets/d/1Pyi72FNT6KWuQE3g4BmIDCV26HMfKFcE650Duyia43o/edit?gid=788157788#gid=788157788,"Tereyaƒüƒ±z, hbesok!",Yes,Yes
Denzel Curry [Alt #1],https://docs.google.com/spreadsheets/d/1e_bWTzbDHTV68u0ml48ZENCI5-BnIFbyOJQdSPG04-Q/edit?usp=sharing,m3ltmyeyez,Yes,No
Destroy Lonely [Alt #1],https://docs.google.com/spreadsheets/d/1yGRwG49vl7jX7VgFCgo2ZBZTFIFzVuA8roRbb07xe40/edit?usp=sharing,geeked#9661,Yes,Mostly
Dixie D'amelio,https://docs.google.com/spreadsheets/d/1FXLcfk_OVkRKEjKwkp-DQW4EtMSyZcwuxvVf_RGZNWQ/edit?gid=306146520#gid=306146520,superaliveandover on disc,Yes,Yes
Doechii,https://docs.google.com/spreadsheets/d/1P2inSuDEuS_kp45qDAXJpb_hmj__Lj409bytyp4xiw8/edit?gid=0#gid=0,"RunAw,dankuul,Brimcoole",Yes,Yes
Doja Cat [Alt #1],https://docs.google.com/spreadsheets/d/1-GIDKZJYqMU-I_-kpIqqyT9biQpfRRLNX700Mn1MMdk/edit?usp=sharing,Fallen,Yes,Yes
Dominic Fike,https://docs.google.com/spreadsheets/d/1gzD1-xMwzvsk0U9G2emMM35i5nINaZG3qFlQ3Vl18v8/edit#gid=0,@DylanF1,No,Yes
Don Toliver,https://docs.google.com/spreadsheets/d/1Xeoh2lXnO93BTFpwTH4IzZSfPHouC1wBdyUDx-Qamjs/edit#gid=736161912,"notdontoliver, Alei & Roses",Mostly,Mostly
Don Toliver [Alt #2],https://docs.google.com/spreadsheets/d/1yJsfK8jH1SyGCwM7iY1XRjrd4LgIqjAfIl50Qy_9o8Q/edit#gid=0,"Alei, Roses & NotDonToliver",No,Mostly
Dr. Dre/N.W.A,https://docs.google.com/spreadsheets/d/1uL6pENIpeX8O8oNTMC9GVL0WoJ0YL1YnQWBnWkEjhaI/edit?gid=1374254140#gid=1374254140,Dr. Dre Discord,Yes,Yes
Drake [Alt],https://docs.google.com/spreadsheets/d/1VP0mGlfR_6nCDcq1S28JQgtbwKP9qzWFJY1R91meQso/edit#gid=981757566,@CertifiedTrackerBoy,Yes,Yes
Dream,https://docs.google.com/spreadsheets/d/1zufNODk_zMyyYQdwM4RtKHVtfY8WplefbsRJ9__dQns/edit?gid=82962083#gid=82962083,PurpleEyesMusic,Mostly,Yes
Dua Lipa,https://docs.google.com/spreadsheets/d/15Z0P2roEfi0hV8Hu32kcDfvZW_EethROZxhkXacsfxg/edit#gid=1242125182,raymeta12& Dula Peep,Yes,Yes
Dua Lipa,https://docs.google.com/spreadsheets/d/1EoIbzGPLSHTgll37lZsPGE318FHQPp_T1qshCT2MQJs/edit#gid=174850036,@Emerald,No,Mostly
Earl Sweatshirt,https://docs.google.com/spreadsheets/d/1EKEnvdiwSudiPJSePPzfCXIQ_W-AYeAIY6_r-a12bdM/edit#gid=793972257,/u/Puzzlehead_Bit7904 gabu#4801 @plaguedoctresss,Yes,Yes
Edward Skeletrix,https://docs.google.com/spreadsheets/d/1XbLGDUkFy8glOxkoG-99vB-FB-eXdmtYGtsPHP7YFKw/edit?gid=1818012735#gid=1818012735,"goon, jer, bunboi, varion, Macncheese0",Yes,Yes
Ecco2k,https://docs.google.com/spreadsheets/d/e/2PACX-1vQG3sKhpSi8HTWbKSWAIXHZ7reD9ht-7QIvWllT3Le6o5V-V51id2kobBBjGN_EtQ2_cukgcmwnK0W0/pubhtml,monsterTUBE_xxx on Twitter,No,Yes
ericdoa,https://docs.google.com/spreadsheets/d/1z9a6BiP-ciHNRCRMVUt63_E1-qXhXOs9fGnoIYMii5M/edit#gid=0,bxpolar.mp4,Yes,Yes
Elita Harkov,https://docs.google.com/spreadsheets/d/1KwppW852lb9IXEjE8gIgkOGg-ZFtzDLPfmL_nvUOIys/edit?gid=1444591687#gid=1444591687,"yurei, slayla1, tyler",Yes,Yes
üö©Evanescence,https://docs.google.com/spreadsheets/d/1x_4vMvthxw3B5m5MI1pVW7U-qbxVlhS0Bef9Tnqs6ls/edit?usp=sharing,nothearts4myself on discord,Yes,Yes
f5ve,https://docs.google.com/spreadsheets/d/1_aAeUHmRVzdVn-ejLGo5HALbUFAqXxdHEd6j0oopyk4/edit?usp=drivesdk,fi5vve,Yes,Yes
Fifth Harmony,https://docs.google.com/spreadsheets/d/1CfmuUh4yuMpNFxDcvW3b96Hff08MwSSm8Um2uAPT52E/edit#gid=1232956882,wxytiv on disc,Yes,Yes
Fetty Wap,https://docs.google.com/spreadsheets/d/1H4sofJeMazqIyHJhi51FzAitZL4t0myFcygknSFMTBQ/edit#gid=797565776,@Fetty@ichirofan10011,Mostly,Mostly
Fivio Foreign,https://docs.google.com/spreadsheets/d/1WsQu4DDuXaPywG_DGXG30TOmQeHF-924b8UdL-ZfZjo/edit#gid=0,Shadow,Yes,Yes
üö©Fivio Foreign,https://docs.google.com/spreadsheets/d/1VSYYxSwQtfn4VQYLyCEbLfTbWXIy_TOX6RND4UymsUk/edit?usp=sharing,@EasyBreezyCz,Mostly,No
FLO,https://docs.google.com/spreadsheets/d/1yo14IYelU2uyTtOAYaLQybZ5DHcuWJRHqsDduNum76g/edit?gid=1419785522#gid=1419785522,boyfromsouthdetroit,Yes,Yes
FLO [Alt],https://docs.google.com/spreadsheets/d/1966Ehb6wu-SiqkqPHbGuteZxsfr35wYxKF3Z0xfSbVc/edit?gid=1483939796#gid=1483939796,drunkenaor,Yes,Yes
üö©Francis and the lights,,/u/oreasseater,No,Yes
Fred Again..,https://docs.google.com/spreadsheets/d/1QkTaacoTmTTIQt2Iiiz44Pqg9-KN2Yi6lVYTyrk6DHI/edit?usp=sharing,vaduz on disc,Yes,No
Freddie Dredd,https://docs.google.com/spreadsheets/d/1eQwgruxLnhQN2MUbttQMfsYpHjpYSOyjmNPqZKFWpro/edit?pli=1#gid=0,everglades#2139,No,Yes
Freddie Gibbs,https://docs.google.com/spreadsheets/d/1CCe1DI9VIp0J4MQyTsdMuOriZ9ucmCVMw6nS9j8e4N0/edit,"@madvilliany,vexlcx",Yes,Yes
Future,https://docs.google.com/spreadsheets/d/1Zo4m8fpH8nZSF3UHWj3WCZwlCW065W51iadlY382844/edit?gid=689862787#gid=689862787,"inDe_eD, Chikibiki & Slixx",Mostly,No
Future,https://docs.google.com/spreadsheets/d/1wO-E0ECtQIE1cTqkYUs6g1cGRi0nW2TTvhFlypyldTE/edit#gid=0,@InDe_eD@FGB,Mostly,No
Future [Alt #2],https://docs.google.com/spreadsheets/d/1KAFxqfqinvf-zGnglM1FgfIUnd1lzC6SmgxEYT-RYDI/edit#gid=1753791921,@slimeystonersex,Yes,Yes
Future [Alt #3],https://docs.google.com/spreadsheets/d/1HGv5U1Tf4HhEvVW0WNmGm0Q6BkRi37Gkhowz-OHJe40/edit#gid=0,@FGB@Slixx56,No,Mostly
Glaive,https://docs.google.com/spreadsheets/d/1CEcKtN3vY-Inz_xffayQ4p3NYH96wZXNCXbnmyTmSZc/edit?gid=1639716993#gid=1639716993,dbtua,Yes,Yes
Glaive [Alt #1],https://docs.google.com/spreadsheets/d/1CnMDCqyKcvmo62IaBt2wcib69RDlCcTL1io-tMBYSVs/edit#gid=0,@larryinsider,Yes,No
G.O.A.T. Music,https://docs.google.com/spreadsheets/d/1D-3NLJFB7I8msiIgKtHezPOw2Pa0tqJ187H6YlJppqo/edit?gid=619928003#gid=619928003,Alekei,Yes,Yes
Gorillaz,https://drive.google.com/open?id=11Butl17cgeCv_gIxRuC3EiMdcvI9W64i9ApT9YBXgH0,/u/oreasseater,Yes,Mostly
Gracie Abrams,https://docs.google.com/spreadsheets/d/10UUv1n4a_JP_oxaG_ranBkjhrCxES7GkDiRpMVL8mmU/edit?gid=2087333105#gid=2087333105,@mirrorball,Yes,Yes
Gunna,https://docs.google.com/spreadsheets/d/1P_BA-CIy05lDl9j1H06awxNqvXYJcD-KeBPVdgTO7Eo/edit?gid=1630289126#gid=1630289126,"raglord, fishybusiness, CST",Yes,Yes
üö©Gunna [Alt #1],https://docs.google.com/spreadsheets/d/1kC8sEKHDWWY6sTnrcg0Y_2eMfKm4eEh5oA08a4s5imM/edit?usp=sharing,@EasyBreezyCz,Yes,No
Halsey,https://docs.google.com/spreadsheets/d/14TXHFK_25arf1nIkFXkLmOfVs1Yz1e0dz-pTIGqF9OE/edit#gid=0,@PackRunnerEthan,Yes,No
Haunted Mound,https://docs.google.com/spreadsheets/d/1RWWxJTmob0fKPmY62amc7Q6sXS0KKm36PtZhz2li_ok/edit?gid=1792554832#gid=1792554832,"miaslayer, 2h8q, crucifixion.shawty, screwgaze, pinknintendo, JAYDAHEATER!",Yes,Yes
üö©Hemlocke Springs,https://docs.google.com/spreadsheets/d/1GddjV5LE9nW3qjPRRy6JPwTu2d_V1j4AP5CyBgorGAA/edit#gid=1213040589,@flowepantheress,Yes,Yes
Harry Styles,https://docs.google.com/spreadsheets/d/1U6Bmxw6_uy6SqKfe-YqpqgVBaWKSzD4bnUZ9vNA5p5s/edit,hesftdt94,Yes,Yes
Harry Styles [Alt #1],https://docs.google.com/spreadsheets/d/1TxyYnPGWzZKlMqGsG7d-W_CLiHmpIPEzibHpWCRyCdA/edit#gid=1115931153,notdontoliver,Yes,Mostly
H.E.R.,https://docs.google.com/spreadsheets/d/14-A5ZdkghctPgvPSfRm48Er8_RC3ea_EeMh1gVaP-jE/edit#gid=1659821368,lioaf&skaura2,Yes,Yes
Homicide Gang [Alt #1],https://docs.google.com/spreadsheets/d/1VaRJqWzCOJF2fCYuCsRFeaWlWxxJ8ITis0p3yf3wP08/edit#gid=0,MaccLad#4270,Yes,Yes
Homicide Gang [Alt #2],https://docs.google.com/spreadsheets/d/1S-yjYxeF-EToeKTrfrwXyS4yhaoRbBQeBxIqJkfaBYM/edit?gid=0#gid=0,bafuhmet,Yes,Yes
ian,https://docs.google.com/spreadsheets/d/15Lzy_eZFxU185IKTp48wgaIq86Yixn8dOfBssW6MVIM/edit#gid=306146520,Zedroz,Yes,Yes
ian [Alt],https://docs.google.com/spreadsheets/d/12qfhbZLuFZ2PCjbVO6qt58ah2tujancnrimG6uNwTG4/edit?gid=5635501#gid=5635501,y0usly,Yes,Yes
Iann Dior,https://docs.google.com/spreadsheets/d/1fgZEJTgHGGpNhSJKLQqGRV_uhbC3wFsaVvGXaQEqYfw/edit?usp=sharing,@Capri,No,Yes
üö©Ice Cube,https://docs.google.com/spreadsheets/d/18vIlyK3ZvrNkoBMZGc9h_y7pGyb-fJLWW8gGcjNpZt4/edit#gid=843493450,@JuB,No,Yes
Ice Spice,https://docs.google.com/spreadsheets/d/1RxDoyYK7e-LHcrhSncdGUaKqCDL2ui1kBmjJ9hd0-hk/edit#gid=1910967908,"fishybusyness,Jeen& Awesomefied",No,Yes
Ice Spice,https://docs.google.com/spreadsheets/d/1dvT3mdp1DVBV5eixAkGbnyp50b53lzqV2PppeM4YGSE/edit#gid=12036253,@snowsquire,Yes,No
Iggy Azalea,https://docs.google.com/spreadsheets/d/1-KnRk8mvop7gzLEe_2jKTxJqC3ZcQ_ExEYZQsmps_zM/edit?usp=sharing,trapgold on disc,Yes,Yes
ILOVEMAKONNEN,https://docs.google.com/spreadsheets/d/1v1FbJxRJ9wcmloWZaWOGE2NlcSX0uziPAe7TePz2jVE/edit?gid=0#gid=0,"Darius, tayilorr, ladiradi",Yes,Yes
Imagine Dragons,https://docs.google.com/spreadsheets/d/1-W3agIGyc97zu3bcR2lNZc9akZ_tB7dQFgUjrMfMRl8/edit?gid=503467644#gid=503467644,"milagoat, kevich, thatvenicebitch, mysticfox",Yes,Yes
International Jefe,https://docs.google.com/spreadsheets/d/1aYKtZUUwQ8gNtYfDVoK2UREFDr7EH2Ue2sujbNZjK3E/edit?gid=306146520#gid=306146520,Roses,Yes,Yes
Isaiah Rashad,https://docs.google.com/spreadsheets/d/1kbWlqePhBU7glVwocFP33f1dZ_q7vpx_4HSQI1Gpms8,FinalxNinja,Yes,Yes
Isaiah Rashad [Alt],https://docs.google.com/spreadsheets/d/1gKrf3M91rpKTffQD_5AvhKrT69BfyEt7LRRE9uxpeUM/edit#gid=0,"IAmBatby, Trash, Maddie, Attam & mista ride the whipp",No,No
IShowSpeed,https://docs.google.com/spreadsheets/d/1oFVqENzCSt1XTn0_Cwasc7wD_IhiSQcXua4cmWQujZs/edit?gid=2099490673#gid=2099490673,hyphenwt,Yes,Mostly
IShowSpeed [Alt #1],https://docs.google.com/spreadsheets/d/1Xbs6QzVigei6mz4FFx4tO254eO60SEcebGSNDCq0vrI/edit#gid=1257599394,Santi,No,Yes
J.Cole [Alt],https://docs.google.com/spreadsheets/d/1-1m25zzXAirta8XDCKFKoY9qbaOJK0LlpAOly4lqFlY/edit#gid=0,@Longtou,No,Yes
üö©Jack Boy,https://docs.google.com/spreadsheets/d/1QWl8957RkNTcnAcT_RBYJEP3WcHQQUsR6mkTnADNAw4/edit#gid=574135818,@Cocaine,Yes,No
Jack Stauber,https://docs.google.com/spreadsheets/d/1M5kg-5C0w9rGcwpT4z23HxySAd531jJLK0gPNyu1A-I/edit#gid=0,Sophie (janettevivienne),Yes,Yes
James Blake,https://docs.google.com/spreadsheets/d/1-5N9qrjDYAr6Cdb0sU_7mChsJqHEUnex046ynPNd7Dw/edit#gid=0,SukilsFem,Yes,Yes
Jai Paul,https://docs.google.com/spreadsheets/d/1YOehCZsSOcKL9bH7WCSsvCji8wUaJKSPLuOYsJKLv0Y/edit#gid=784434978,/u/ghostbubbles,Yes,Yes
Jake Chudnow,https://docs.google.com/spreadsheets/d/1zXSSvHGaoP_XGLo9U99GDdLXSlL-lJEAvOZWNz9jprw/edit?usp=drivesdk,Matoseb,Yes,Yes
Jason Malachi,https://docs.google.com/spreadsheets/d/1apNa7pzgK_yqtlN15Y8yJySZeZd_Zz82wKmTsieVg5k/,xscapee,Yes,Yes
Jay Critch,https://docs.google.com/spreadsheets/d/1TaDxURBOgJZILkPG1ZyYVBe53CcJaGdimh0pSdfJbYE/edit#gid=0,@Jay Critch,Yes,Mostly
Jaydes,https://docs.google.com/spreadsheets/d/1us61d0udA8vZXxAazTGLBU4dUBjKCpzfFD6MpMIq7LA/edit?usp=sharing,charmlefleur on disc,Yes,Yes
Jay Electronica,https://docs.google.com/spreadsheets/d/1Gd7k0tURHQutRgCBs698MMWst1Ey3VBM4Rlyhvq6VG4/edit#gid=1860061295,@Oreo Eater,Yes,Yes
Jazmin Bean,https://docs.google.com/spreadsheets/d/1cUEYgf10pferv--etyKVDdHIHjgHC6zQXGHnOoU3y-w/edit?gid=1444591687#gid=1444591687,"yurei, skayla1, cyborg.jake, angel",Mostly,Mostly
Jeleel,https://docs.google.com/spreadsheets/d/1NkfBsciPOwC7bIpFxbxMI_XoREm52Q7WmF4W2k1Je8I/edit?gid=0#gid=0,coad,Yes,Yes
Jennifer Lopez,https://docs.google.com/spreadsheets/d/1Ke88dQ0Qj9tyItb8_TgVWLJGnwFUR2GM1JXGG-I_rcQ/edit#gid=2067873865,@insomniacj & JLouboutins,No,Mostly
Jeremih,https://docs.google.com/spreadsheets/d/1WowvS22jg6mCV_W8czeMBn7ac3Ti3jiND0bMjNvgcnM/edit?usp=sharing,@InDe_eD@thxyuvi@Luh,Yes,No
Jhariah,https://docs.google.com/spreadsheets/d/1GrYPsZoUt6ubqi2ZQZaL4JmfNUMI-gNB1CmHqprmVac/edit?gid=0#gid=0,NicolARark,Yes,Yes
JID,https://docs.google.com/spreadsheets/d/1qjN2OaBVhulG0U9G-PXbmtwSfah1qazIiydK42A1Dk0/edit,Jeen,Mostly,No
Joey Valence & Brae,https://docs.google.com/spreadsheets/u/0/d/1Fe-4OKQKyewkoD5GZ4y4-MNwA_oSXGf6qVCgeoFSnkI/htmlview?pli=1,are4,Yes,Yes
Joji / Pink Guy,https://docs.google.com/spreadsheets/d/e/2PACX-1vRBycmGF8aFrQns9ZoD500U4uWpEtwXEOyZ6BY6t3MPWWBv5YMX0m9WW5TMgBtL32Yo5PQiHh5rhkoh/pubhtml,monsterTUBE_xxx on Twitter,No,No
JPEGMAFIA,https://docs.google.com/spreadsheets/d/1IhfNqEOtwczA6JH52gv2feerMqlJEbaDV4bxaIr7gkI/edit?gid=2012820373#gid=2012820373,"fmlu, yzygap, m3lt, ColbyJackChedda, kebabmf, Miser",Yes,Mostly
JPEGMAFIA [Alt #1],https://docs.google.com/spreadsheets/d/1H5HnCJZe7fIDjlsSFSTzpq-cWcUM9XyDpwTaEUxBMIY/edit?usp=drivesdk,miserthegoat on disc,Yes,Mostly
Juice WRLD,https://docs.google.com/spreadsheets/d/1TyFhO3zyaZ1EpMT224HslkAC7w5yrHQU3XA3k1iIYe8/edit#gid=2137021233,@EasyBreezyCz@corms,Yes,No
Juice WRLD [Alt #2],https://docs.google.com/spreadsheets/u/2/d/14iOJlHRgLj8CoiPv_n9uAms85ougSkSBUh7iNJVeNDs/edit#gid=0,@SONICBEAST@In_DeeD,No,No
Julia Michaels,https://docs.google.com/spreadsheets/d/1IkODXEAnM3o1cTJPLEf3-XD6rGYco9DucmuaqYOnHhw/edit#gid=487014841,@leok,Yes,No
Justin Bieber,https://docs.google.com/spreadsheets/d/1KSTBtdaHkz6qUi9joaZN1U5dksMno2Ym71KiQ6w9mCo/edit#gid=699519374,@Bizzle,No,Yes
Justin Timberlake,https://docs.google.com/spreadsheets/d/1mxCMg9x-AcDkY2j156ebS4VHLnTM-ibH7yuhX0EezTg/edit?gid=503467644#gid=503467644,"milagoat, kevich",Yes,Yes
Justxn Paul,https://docs.google.com/spreadsheets/d/1YwFmb2jRhomAr-z4aFPKAwWJkYHTf2QfqFyeK6X7yFY/edit?gid=1581791943#gid=1581791943,Alekei,Yes,Yes
JVKE,https://docs.google.com/spreadsheets/d/1c_bl_8Uek0YR8p3tANqL8ESNXjfQMz_tfVTMJp8NeuY/edit?usp=drivesdk,PurpleEyesMusic,Yes,Yes
K4$H K4$$!n0,https://docs.google.com/spreadsheets/d/1Krol237KAh9PPi7SpWSciSjJdS0_FCKKa_WeNYv47ok/edit?gid=0#gid=0,xyan,Yes,Yes
Kacey Musgraves,https://docs.google.com/spreadsheets/d/1O2hx6bV-iNKVBoqzKdLFTimcFtgKu-bSNLGWvRdcyPc/edit#gid=0,@aviciinternational,No,Yes
KARRAHBOOO,https://docs.google.com/spreadsheets/d/1jqfX4i0AbAikkPG1YRp40CnaglBCwqsAi5NWVOHkGMA/edit?gid=306146520#gid=306146520,"Roses, thxyuvi",Yes,Yes
üö© Kali Uchis,https://docs.google.com/spreadsheets/d/106zY0BD8zVUh3g7-TgS8k2BxnBsCvO3XWHb7oxMXwFw/edit#gid=158155614,"lioaf,noa, goldwings",Yes,Yes
Katy Perry,https://docs.google.com/spreadsheets/d/1hIEDlowTMh_pkXpCCshG5Z32LEg9r00LV5v5vGhPzqY/edit#gid=306146520,@mirrorball,Yes,Yes
Katy Perry,https://docs.google.com/spreadsheets/d/1xVb5K2TN_LVvU9nTS39n65xigjd2PXEfv5Uxf6ktsE0/edit#gid=699519374,@Bizzle,Mostly,Yes
KayCyy,https://docs.google.com/spreadsheets/d/149xFObwLI9lMCWJPs3RBZhLJGMQ9cqkr1vIVsIVuV5c/edit#gid=1792554832,KayCyy Hub,Yes,Yes
Kay Flock,https://docs.google.com/spreadsheets/d/1mX1vRH6H-umLnY3Xt-4w1VOm2V6PWouwipwuEi7kBKE/edit?usp=sharing,"DarkStakerz,syrup<3,raglord",Yes,Yes
Ken Carson,https://docs.google.com/spreadsheets/d/1qgZGdNl6Dc1B-GOeoRj0skgcXeBSvltbexNtueY0FYE/edit#gid=1063363059,bubsx,Yes,Yes
Kesha,https://docs.google.com/spreadsheets/d/1zUJdWDv0hs-h6TjTdFb9Ki8U0lXtz7ZcVYfi34_WcF4/edit?gid=1603999306#gid=1603999306,"hbicpimp, idkwtfiadbili",Yes,Yes
Kid Cudi [Alt],https://docs.google.com/spreadsheets/d/18kP6UsFxxLujX95QweZCwb0K5-J6b2KJHJpAFUbm2iM/edit#gid=1792554832,@Zach3656,No,Yes
Kiesza,https://docs.google.com/spreadsheets/d/1e7rJxe5vievgnXj81m67Qs6YVKsFtvFFLHdDYHqCeMo/edit#gid=0,@aviciinternational,No,Yes
üö©Killy,https://docs.google.com/spreadsheets/d/1p6PtA1LZbd9bFskn1aUFVDVRBAEW04R4Pm0V4zMq4zQ/edit#gid=1792554832,@Phan,No,Yes
Kim Petras,https://docs.google.com/spreadsheets/d/1kgHmWZM1oMR0DQUet8RtTNssVMVi77YvofHlh6F5sfg/edit?usp=sharing,Jeen,Yes,Yes
King Von,https://docs.google.com/spreadsheets/d/174Qxk5H7hn_TSVvcc1gDGIp02hPZ2H1z6hoFI32YdaA/edit#gid=0,@FinalxNinja,Yes,Mostly
Kodak Black,https://docs.google.com/spreadsheets/d/16LkLZ3miXfNGzQLI_3_X2zJsf6vb4-Ye7g02MwqdZOo/edit#gid=574135818,@Cocaine,Yes,No
Krewella,https://docs.google.com/spreadsheets/d/1Uy1LZwv537AsAT8z_I3qbQPZcovhWSFK0z7vhEbVSU0/edit#gid=0,@GetLittUp,Yes,Mostly
KSI,https://docs.google.com/spreadsheets/d/e/2PACX-1vTjBrDMLPv4pi6aOd_u1Z4GzUgislm0XHIlmx-02ZSx9WMCtpjx9hELAS1yxUXK_LAaQ6WFk6iGta4f/pubhtml,monsterTUBE_xxx on Twitter,No,Yes
Kygo,http://docs.google.com/spreadsheets/d/1uwnfL74at3NjRE0scurzhaBJfcQzpxzTsLfvF98kc98/edit#gid=0,@Dantheman7,No,Yes
Labrinth,https://docs.google.com/spreadsheets/d/1XrfNYcAu6Pl1osbGdndJe9XyJ12qJe6EcYFI3mjouqM/edit?usp=drivesdk,epicsuma,Yes,Yes
Lady Gaga,https://docs.google.com/spreadsheets/d/1UAHs1YhoUYuByoxsxR_vC5-zgmWq3qG5-jesUCHo4qg/edit?usp=sharing,"raymeta12, the_real_ariana_grenade, leok",Yes,Yes
Lady Gaga [Alt #1],https://docs.google.com/spreadsheets/d/1hBBNOMoUIM0aZ8zSgPWsRXfq0PUGSfg4du9RQd8f5QA/edit#gid=0,@uvglow,No,Mostly
Lana Del Ray,https://docs.google.com/spreadsheets/d/1E76awgUgj6UqFZCqfbGMw3EPNHeq8rA_XFMJ9MmvH3U/edit?gid=1792554832#gid=1792554832,"ImenaOphelia, forklore,spinmeround,slowginfizzz",Yes,Yes
üö© Lana Del Rey [Alt #1],https://docs.google.com/spreadsheets/u/1/d/1ExDPPFl194ZdUwHXyqp-1Ku3l36jvw_-RadCeEH9VXE/htmlview,@imenaophelia@the dragonslayer,Yes,Yes
Lancey Foux,https://docs.google.com/spreadsheets/d/19dsAkkH8w7nBx6ZST8d1UAAvCJTNgKBfyNxdoWiXH3E/edit?usp=sharing,Jeen,Yes,Yes
Lancey Foux,https://docs.google.com/spreadsheets/d/1SIsRp6WYq3eiF0C6jFgXdkTBTzeh27MfhgJ9fOBrCI4/edit?usp=sharing,@vexaran,No,Yes
Laufey,https://docs.google.com/spreadsheets/d/1xF_OlIDmcuCZk0BgzCgrzvDHMTuBRQ5m/edit?usp=drivesdk&ouid=115546716591248883998&rtpof=true&sd=true,"@WhatLoveMeans, @umpg,@BroForGag13",Yes,Yes
Lauren Jauregui,https://docs.google.com/spreadsheets/d/1wV1FD0SnjVYVwckBgm2IK2hJXBbROpNkissd82hZ1CQ/edit#gid=0,@LJ1,Yes,No
LAZER DIM 700,https://docs.google.com/spreadsheets/d/18jj-okFS-vApV3-OHPDV2TrFHDil5Ld43WAZX8na_3s/edit?gid=1298206308#gid=1298206308,jok3r666,Yes,Yes
Leah Kate,https://docs.google.com/spreadsheets/d/1RoMG4RyJ4d6L9jJMHSKYjavaqtkKdaDLpHd2JM8mSh4/edit?usp=sharing,Superoverrr & superaliveandover on discord,Yes,Yes
Leah Kate [Alt #1],https://docs.google.com/spreadsheets/d/1J3hEK-96JWxlMW5I2Uq4MfiLwtyhvHflY6LKmDP2IW8/edit?gid=353508805#gid=353508805,fromtheend,Yes,Yes
Leah Kate,https://docs.google.com/spreadsheets/d/1w0LGCpDq1x6BnFfPOVpjcqAi3zDolQC_Xtt6PZamg-0/edit,Jamie,Mostly,Yes
üö©Lil Baby,https://docs.google.com/spreadsheets/d/11NsafmJLyxPfrO_OOfwZ4GKzynzoJDYHyNhUcofGJnM/edit?usp=sharing,@EasyBreezyCz,No,No
Lil Dicky,https://docs.google.com/spreadsheets/d/1545ogxg2mlN7dyAeYHJoLRKMWabOWmKtRN30tvDfVdQ/edit?gid=290632612#gid=290632612,Divinity,Yes,Yes
Lil Durk,https://docs.google.com/spreadsheets/d/12cbC3supghOjLIdDvSqPB2hT_YeF8SvN1CMtJSGVuk0/edit?gid=0#gid=0,Glizz4x,No,Mostly
Lil Gotit,https://docs.google.com/spreadsheets/d/e/2PACX-1vSEtuqLumr9b6yw9fFzOXBjIO-tAEueaGS7gF43CP4hqasaLcRU8Sg0aDsrwPNtSvD6eLIaGkpELcmi/pubhtml#,@pvrzifvl@Gotit@Lil Gotit,Yes,No
üö©Lil Hero,https://docs.google.com/spreadsheets/d/1ha-GIYjvocGvfbufGfvw1ppz2XOqMXLaPBA4ewCBcl0/edit?usp=sharing,dyinginside,Yes,Yes
üö©Lil Keed,https://docs.google.com/spreadsheets/d/1Mk2Q7SBd0dd3U6TshBwlo8vtf3KAFGIBav6zanOcB4A/edit?usp=sharing,@EasyBreezyCz,Yes,Yes
Lil Mabu,https://docs.google.com/spreadsheets/d/18qbdP3-Eoezdra8KLYv6ZUW_yy2I3iid2pDF-K1Czyk/edit?gid=415494178#gid=415494178,mac22222222,Yes,Yes
Lil Mosey,https://docs.google.com/spreadsheets/d/1tsPcry41W5i2x4aDQpaRfrKhiCab_YCJ3XV7nhfaZpM/edit#gid=236374801,@DnASoar@behalf@volt@reallyexpensive,Yes,Yes
Lil Peep,https://docs.google.com/spreadsheets/d/1kF3KZUjtwiJxxP0GCXJ0VmX7bA2JdwnKa-j1GCaoeC8/edit?gid=1214485872#gid=1214485872,"@uleft, justasoul, theshadowlovely",Yes,Yes
Lil Peep,https://docs.google.com/spreadsheets/d/1hG4Qxb75FMQXiqTa-k393lv557zZ7zPT-lX4lUGT4NM/edit#gid=0,"u/Jarsak,u/Cserleo, u/Masu",No,No
Lil Peep [Alt # 2],https://docs.google.com/spreadsheets/d/1inLqHXfTLm5CPpEE2tUoTepm8CjUZ1UgB9iIEzurF5A/edit#gid=0,Dakota,No,No
Lil Peep,https://docs.google.com/spreadsheets/d/1yZTHGMjtB3BDAK_Yz21Fk4nyHt8ZuUF1xVE9S1HwbRA/edit#gid=1792554832,ShadowTB,Yes,No
Lil Pump,https://docs.google.com/spreadsheets/u/3/d/1DCYxExj15O6YUB4diwhSN_A8xRjAFIAg8KlW5BhgZQI/htmlview#,@Rojas999,Yes,Yes
Lil Shine,https://docs.google.com/spreadsheets/d/16VAIeNGagrnOTzth5Qnl-DqUvcwkPinhQ43m8AWnbUo/edit?usp=sharing,elapid on disc,Yes,Yes
Lil Skies,https://docs.google.com/spreadsheets/d/1tZHwkHGd_fSfJNq6o3mR0PxZgZDmms7DrBlJFbBBk1M/edit?usp=sharing,SkiesHigh,Yes,Yes
Lil Skies [Alt #1],https://docs.google.com/spreadsheets/d/1Kk1Cu8cH6cyTM37Ji1x8rn-VBZeYcOXorGEypdlU6K4/edit?gid=751546300#gid=751546300,admission,Yes,Yes
Lil Tecca [Alt #1],https://docs.google.com/spreadsheets/d/11pLrk3XduEAP17Mef7NMxq9qbpkpHuvynLR1lNOvBHA/edit?gid=1417097997#gid=1417097997,???,Yes,No
üö©Lil Tecca [Alt #2],https://docs.google.com/spreadsheets/d/1CM5N80RtNUoCiF56MnzRItq_LFPpTq0Oy-8GrXWoTO8/edit?usp=sharing,@proxim& Roses,No,Yes
Lil Tjay,https://docs.google.com/spreadsheets/d/13wF3n2ZYznpK5wgLFfU7lz-_xxVAcxRxMFtiy5WAvKo/edit?usp=sharing,@InDe_eD& Roses,Yes,No
Lil Tracy,https://docs.google.com/spreadsheets/d/e/2PACX-1vTns4e-YRGxwE81S1neNRqz_rXwbcdvbMPMQ1LhjGnR-1Wgha1NQ-v5En0OLpTrA7IuF0hFV1RfPVeM/pubhtml,monsterTUBE_xxx on Twitter,Yes,Mostly
Lil Uzi Vert [Alt #1],https://docs.google.com/spreadsheets/d/1MuPypaJqrTqVR3wtEEN0B4dvXHga9Z4Cb-GfXdY9IvU/edit?gid=0#gid=0,overlord,Yes,No
Lil Uzi Vert,https://docs.google.com/spreadsheets/d/19jsHFFWjAvUGeGTWq6zFgtfJQBuHipmgZ0BoVhmo6pg/edit?usp=sharing,"shadow, spiritalnaam, fishybusyness, gkalb, ruff, hundos",No,Mostly
Lil Uzi Vert [Alt #3],https://docs.google.com/spreadsheets/u/1/d/1io2A-NylfOyz9qayr0C7OMHVWpv0lOvk5SmrI6bH2QI/edit#gid=0,@InDe_eD@IAmBatby,No,No
üö©Lil Uzi Vert [Alt #4],https://docs.google.com/spreadsheets/d/1zO5VEp4sX-xQ8OYSt6fJWK2Qztp4mNcCLIwD5F9laJs/edit#gid=0,@SpiritalNaam @Gkalb @Ruff @Hundos @Vanchi @Diamonds,Yes,No
Lil Wayne,https://docs.google.com/spreadsheets/d/1CpQtbjAVFzwXF46IHxa6u_gzZGwcU0-M8cTRr8wNlvI/edit#gid=0,@WM,No,Mostly
Lil Yachty,https://docs.google.com/spreadsheets/d/1ZQLDuvUPtlXs0Ifv6_K3u8vz795fpbo45O8Eq6HnIQE/edit#gid=0,@Young God,No,No
Linkin Park,https://docs.google.com/spreadsheets/d/1h6grxB8nJg1Pfxz8HMXC2-xvAahDJdBeY64dBdQKHn4/edit?gid=61055133#gid=61055133,"@Cater, Joey ""Hot Shot"" Ammo",Yes,No
Lionel Scott,https://docs.google.com/spreadsheets/d/1K1PZSCz1PlGU_LZyG4hV1SSYBdJw4zDOsr-S1p0d5sg/edit?usp=sharing,yungtron,Yes,Yes
Little Mix,https://docs.google.com/spreadsheets/d/1ohZFQwe3IVutNbb42THSywEXEpHdDKx8Gk-yS8YZKiU/edit#gid=0,@DistESP,No,Mostly
Logic,https://docs.google.com/spreadsheets/d/17fBA-RcIs_sXpOsktHLa91cGF4ArLkpLE4i_pGqLyyE/edit#gid=0,@emerald@ice& Bahd,No,Yes
Logic [Alt],https://docs.google.com/spreadsheets/d/1g8pb9D-hzpXnLuzTM_oOvQW-6PkuL6TfcKIPpQ1Caa0/edit#gid=0,RattPackHome,No,Yes
Lorde,https://docs.google.com/spreadsheets/d/11oC5p3f1xE0XZ_PEKK48mhF1KMAJQrFej5GvxeSQkaA/edit?gid=723167454#gid=723167454,oomf,Yes,Yes
Lucy Loone,https://docs.google.com/spreadsheets/d/1fx7K_3ZxCpRdap3sVry7i5n22oEPZvDw8abuCK59G7M/htmlview,plsticlqd,Yes,Yes
Mabel,https://docs.google.com/spreadsheets/d/14TpT-_yLmGGoHE1bOI4uRj6e8lu_nT7mX0jKNtVhz7Q/edit#gid=0,@cleopatra,No,Yes
Mac Miller,https://docs.google.com/spreadsheets/d/1OCJr_pTYNvbjG3iFylnI_7fb9baXoEIFgIMEhbJM-QE/edit?usp=sharing,@TeeOhh,Yes,No
Machine Gun Kelly,https://docs.google.com/spreadsheets/d/1d6rjwyNJQdy94j8i5S2z9oD-aMGIcvIo/edit?gid=251317884#gid=251317884,"Pookie,Josshe",Yes,Yes
üö©Machine Gun Kelly [Alt #1],https://docs.google.com/spreadsheets/u/1/d/1YCMCzsqW_aM5rgnLiKOEXYIe2IiZpN0VjPoT6IM-PUQ/htmlview,@diabetio,Yes,Mostly
Madeon,https://docs.google.com/spreadsheets/d/1HNRAnK06TvtNco0G2_uHkl1eRrkX0-2EeBLeZ2y8eu4/edit#gid=0,"aj384, legion, Noah Norrod, Rift",Mostly,Yes
Madison Beer,https://docs.google.com/spreadsheets/d/1GArvzS4dyr519XDRK2sIVrY0RUL9zLlnt8il-Vj7ThY/edit#gid=0,"BringBackSoul,cent&Jeen",Yes,Yes
Mag.Lo,https://docs.google.com/spreadsheets/d/1io02njaCQT09wbZTc7WpNiyE0zdssBxK8vCXXjwY8dE/edit?gid=1090919880#gid=1090919880,mfnamednaji,Yes,No
Mariah Carey,https://docs.google.com/spreadsheets/d/1ro1QoYF2yX2gAMgz8WfSpe7KFWmjL4H0_HMGxwR4RFM/edit?usp=sharing,roan,Yes,Yes
Mario Judah,https://docs.google.com/spreadsheets/d/1IVS_2Uw8Lt7SUs0QcH0PZHPiMN73a-HQ9CESdTZS7xc/edit#gid=731713677,darzen,Yes,Yes
Maroon 5,https://docs.google.com/spreadsheets/d/1iN6RCKmAX9iIfxHfwglIpnm3IoiYR7IkNTy3yrnRyks/edit?gid=1228224808#gid=1228224808,"Soulsby, ColbyJackChedda",Yes,Mostly
Marwan Moussa,https://docs.google.com/spreadsheets/d/16BiHIX6f_pj2pyeH-6UfwKpYtV8TD4nfP5IqHyYvlxk/edit?gid=152832389#gid=152832389,Joroka,Yes,Mostly
Meghan Trainor,https://leaked.cx/threads/other-genre-tracker-megathread.1756/post-1105711,runawaytrain,No,Yes
Melanie Martinez,https://docs.google.com/spreadsheets/d/1tgEB-L2zA5VCkLNyMueg73yZREUxJUMJ5GcrX9BvUns/edit?usp=sharing,James Joint,Yes,Yes
Melanie Martinez,https://docs.google.com/spreadsheets/u/0/d/1s4FJnE5rd8x-JThCm1aAUsrZ_6hZL2B2qNf2oZMlrl8/htmlview,@diorplus,No,Mostly
Metro Boomin,https://docs.google.com/spreadsheets/d/1AoKGzPa8qVzR75Ma9vQH3HVB7kaQ4_pmPdVDfg9pluw/edit?gid=415494178#gid=415494178,"Jeen,Brimcoole,DarkStakerz",Mostly,Mostly
üö© Metro Boomin [Alt #1],https://docs.google.com/spreadsheets/d/1d1KGn1E4sfHfOtVVCnPNsfar4UM5dQwmIDJXbmvgJ1w/edit?usp=drivesdk,Leighton,Yes,Yes
M.I.A,https://docs.google.com/spreadsheets/d/13Ek6Aqcw6VoTH66uxeiUz_eiVsG8VrkMQyKLHWSSLOU/edit?gid=0#gid=0,RunAw,Yes,Yes
Michael Jackson,https://docs.google.com/spreadsheets/d/1i59TKrIZ1OvFFPJFuOMw1VXlvyzaVOH0Wb0vVJp9BTw/edit#gid=1792554832,coolwaves#3840,No,Yes
Migos,https://docs.google.com/spreadsheets/d/1BcHxwNWZj3vZ8S8gyHiVDUeHI2w_TgiioMz4Dkg7npM/edit#gid=1426851450,@Offset,Yes,No
MIKE,https://docs.google.com/spreadsheets/d/1b4k1au5DeR8CkEA899FCiN6N8j7ofnjtSSFX17xnQW0/edit?usp=sharing,ali8593 on disc,Yes,Yes
mk.gee,https://docs.google.com/spreadsheets/d/14JF2Plyr4mwrR3b9X_C0SowFaxB4wsRoMPYtRdDbrq0/edit?usp=sharing,quincythe,Yes,Yes
Miley Cyrus,https://docs.google.com/spreadsheets/u/0/d/16pG6WvRLJY6d6Re6XmD-bMly1L2djhpO/htmlview,@leok,Yes,Mostly
Miley Cyrus,https://docs.google.com/spreadsheets/u/0/d/1FquP2Yg89aYVOdDWXEO6kcrxtUQyvIYBoDs7VtdCU9U/htmlview,@mileyopolis,Yes,No
Molly Santana,https://docs.google.com/spreadsheets/d/1PdwgmVxY945J_-2BrM2K-HAHz2Lg5dh3fEm9ADJLHUU/edit#gid=1978742314,vandxl. on disc,Yes,Yes
Yasiin Bey,https://docs.google.com/spreadsheets/d/1szpcLNqBbxk2QjgSCgbE-MFbmG6HtC9JyYs4SmK4FYI/edit?usp=sharing,tonystarks00,Yes,Yes
NBA Youngboy,https://docs.google.com/spreadsheets/d/1-eJxsD-YciRGsQ6367NQ8zKdVJKEq8pirJPcwncgSwg/edit?gid=0#gid=0,@manwithaplan2,Yes,Yes
NBA Youngboy,https://docs.google.com/spreadsheets/d/1Dvj7Qp4_cCKUiiddmEYxIBe1pIt2YLPuCdOxA1U_a8A/edit#gid=869425829,kingtut_90031 on disc,Yes,Mostly
Nas,https://docs.google.com/spreadsheets/d/1TnALmkQdRX_spdUMLLamizAZYD3rERO_iGGzCqD-A6M/edit?usp=sharing,"troabroa, Killlluminati",Yes,Yes
NAV,https://docs.google.com/spreadsheets/d/1xiw-nyfRhizLuSa07FCv73yrMX0HgyhCuipTmcjKkvQ/edit#gid=0,@unbuttoned,No,Yes
NAV [Alt],https://docs.google.com/spreadsheets/d/1No_p3kfh_2ecmmlO-XwtgGtgYxCv7rdde5KuCY0mTkY/edit#gid=699519374,@lxns@InDe_eD,Yes,Mostly
Nessa Barrett,https://docs.google.com/spreadsheets/d/1XMZyxC6lOktA-54M8m7ntC5pTm_uHZtPP0m3WjAILHk/edit?gid=306146520#gid=306146520,"Twiggysticks, Mirrorball, ifitsnotu, death becomes her",Yes,Yes
Nicki Minaj,https://docs.google.com/spreadsheets/d/1D51YvYshYEfrFJ42BdXZITEeXf4ye0i22Ih_xaLsPoA/edit#gid=0,nmislife on Twitter,Yes,Mostly
NIKI,https://docs.google.com/spreadsheets/d/1-6dqjFxtvP-GxBXG7PppJjcueTnb7Y_RD44l7a6kef0/edit,SukilsFem,Yes,Yes
Nine Inch Nails,https://docs.google.com/spreadsheets/d/1U4OGZv235dV4r87ZGdpX_LBkYdC8EUHuBg_OmWUxgXw/edit#gid=1369386688,@teejayx7,Yes,No
North West,https://docs.google.com/spreadsheets/d/1lLoyrp0RwprgcNI1Gyuwc0_VwUOqYMqTIx_OSPm-HkQ/edit#gid=220824260,"Vertie, hcaor",Yes,Yes
Normani,https://docs.google.com/spreadsheets/d/1rj-FyaxpQ6LY0KlvYGiwZUVIT9p23J_yQR3xUFpUkSk/edit?usp=sharing,"raymeta12, skaura2",Yes,Mostly
Ohsxanta,https://docs.google.com/spreadsheets/d/1djKmvGVPWh54IZ-Z3kUUtxi5tsH6ZDjnXG1t6pZ82e4/edit?usp=sharing,slemns,Yes,Yes
Okaymar,https://docs.google.com/spreadsheets/d/13AdIko_MXvYxTNJsXjqlt1zSuUqw17ARiL0dVFJFv64/edit?usp=sharing,slemns,Yes,Yes
Olivia Rodrigo,https://docs.google.com/spreadsheets/d/1wtUjamedHyxkdgzZTxKBbIXoulwqw0Og8vOwubD61qs/edit?gid=306146520#gid=306146520,mirrorball,Yes,Yes
Olivia Rodrigo [Alt #1],https://docs.google.com/spreadsheets/d/1g9RxIQ2JTVYwy5GTYoOnxH3RoNNis7l8zq9tdT7QPSw/edit?usp=sharing,Jax &Jeen,Mostly,Yes
Olivia Rodrigo [Alt #2],https://docs.google.com/spreadsheets/d/1nzwMq5n2M4O0mkHTynTecgh_FuBKjNaXLGZWwbYa9NI/edit#gid=306146520,Cruelest Summer on lcx,No,Yes
One Direction,https://docs.google.com/spreadsheets/d/1YHLobpw99IarFigCThOOfTwjFBA7TZatgc55-QjOoEc/edit?usp=sharing,the_real_ariana_grenade,Yes,Yes
OsamaSon [Alt #1],https://docs.google.com/spreadsheets/d/1BHj4XdCBtEGd7s7txGV8V6JOlVJ6tyXqJ9I_kcYI3bA/edit#gid=1214485872,"asakufoxlsd, Roses",Yes,Yes
P!NK,https://docs.google.com/spreadsheets/d/1G-6aao4ImkLqClv_QmXJ_qlS83H9rUUI9JZ7f4lE9yE/edit#gid=306146520,mirrorball,Yes,Yes
Panchiko,https://docs.google.com/spreadsheets/d/1Ug1y8HNvV7gy4eJQmuNgFVTsENFDXw4wjAnENo4-P8k/edit,Vertie,Yes,Yes
Paris Shadows,https://docs.google.com/spreadsheets/d/11fQ6bQPpyx83zM1HsM1B09Tc4BHu_9SJippAYloATPk/edit?usp=sharing,joonboy_ on disc,Yes,Yes
PARTYNEXTDOOR,https://docs.google.com/spreadsheets/d/1fblyE_Y0wtv6LHeB8WKAGnMFJmvwUlHcycUhD0nXsAU/edit#gid=1257599394,@InDe_eD& Roses,Yes,No
üö©Pearing,https://docs.google.com/spreadsheets/d/1gdOMYuVvdSW3ZByWQ8LEmkm4mRAAjgH6tToFLEcYc0c/edit#gid=0,krisi.mp3,Yes,Yes
Phoebe Bridgers,https://docs.google.com/spreadsheets/d/1P81402MjF8lgeXp7AceonKmPTKb3ZMEMX0pay5_BNJY/,"allmylxfe, raglord, pop",Yes,Yes
Phl Noturnboy,https://docs.google.com/spreadsheets/d/1olDfFJOhgUGoUu5YuSznISkFx7C5D9GjoHHTjYEUHfs/edit?gid=220824260#gid=220824260,m44tine,Yes,Yes
Pi'erre Bourne,https://docs.google.com/spreadsheets/d/10nxKfjzuGTlvieAoDWJ8VcDPj2Jxy1bnNeLxzjLq2i8/edit?usp=sharing,@FinalxNinja@jed@Dead,Yes,Yes
Pink Floyd,https://docs.google.com/spreadsheets/d/12iGihNLwLuCHufFIT_v1EgK9J4aXDLbRHcYTa_3gydg/edit?gid=0#gid=0,ColbyJackChedda,Yes,Mostly
üö© PinkPantheress,https://docs.google.com/spreadsheets/d/1j412J5b-iT1865b4Eq_22ryaf7nwpc47OurcYVjwppA/edit#gid=1983453005,"Reardon, Techno, fishybusyness, slothsavedearth, dxyinginside, JJ, InfiniteCris, LoveBombzz",Yes,Yes
PinkPantheress [Alt],https://docs.google.com/spreadsheets/d/1EddOGo-jbB1dqcXlVeSqrfvJkUceLUTgmPEBw4TjqCw/edit,Holy Bible,No,Yes
Playboi Carti,https://docs.google.com/spreadsheets/d/13ZLlITzMJQsMaSf-B5aDD8Xryeus6Y0BOW_gMzeyuSE/edit?usp=sharing,"Jeen, Neon, PooFartPoo, hcaor",Mostly,Mostly
üö©Playboi Carti [Alt #2],https://docs.google.com/spreadsheets/d/13apNYA9_FTtzXODlWKAoG2HtZTM6Bcwz6xFckXwXVb8/edit#gid=1528982325,@EasyBreezyCz,No,No
Playboi Carti Fit Pics,https://docs.google.com/spreadsheets/d/1eTG3yX43hEuuWOpZzM_2WF0RYqXJhKsBUP2z2wCHy94/edit?gid=779331793#gid=779331793,xscapee,Mostly,Yes
Playboi Carti [Alt #3],https://docs.google.com/spreadsheets/d/1NTGfRKtQPxbvi5TChkJRbz-u4W8mFT72QKmj7RYIymo/edit#gid=0,IAmBatby & soul,No,No
POORSTACY,https://docs.google.com/spreadsheets/d/1vu4M8Lj4jP46cWVs3I4CtPvhlWCeAcOY2mJXSJFmfaU/edit?usp=sharing,joonboy_ on disc,Yes,Yes
Poppy,https://docs.google.com/spreadsheets/d/1MJzPD7_GoW4olDNBBq32xhC8OXvwLZW337u7C-s9GIk/edit?gid=330300044#gid=330300044,plsticlqd,Yes,Yes
Poppy,https://docs.google.com/spreadsheets/d/1kFNyKAG5FgyZZcSvCVQrfN4R5onYke814Qep10W725A/edit#gid=0,@Hits_All_day,No,Mostly
Porter Robinson,https://docs.google.com/spreadsheets/d/1Cr7Apky8BczOxNflY2PSTg9W31ARrrUCjdqk1Qn4VD8/edit#gid=2085563689,Riley & night_owll,Mostly,Yes
Post Malone,https://docs.google.com/spreadsheets/d/1oFFGtGJ7liKPbw_Y9uAxbxzGDq_UQNDnNMDb-qQZS80/edit#gid=699519374,@InDe_eD@lxns@skyupsahl,Yes,No
Primus,https://docs.google.com/spreadsheets/d/1kSkxcpZgLqNb3ms5gdGcAL04cg4ylA_MwbRLVemVPoY/edit?usp=sharing,@Bl4ckBugs,Yes,No
Prettifun,https://docs.google.com/spreadsheets/d/1gHCN8bRLQPLz0jRRS2UBN9cZbgPLK8VSnAwAEJHzk9I/edit?gid=1721773079#gid=1721773079,"slemns, gabe, fly",Yes,Yes
Proof,https://docs.google.com/spreadsheets/d/1lfFXBYjIAjnDbs2M6B2vtaD6ZRTBTneS9Z1Y66FDRpM/edit#gid=0,Gerry,Yes,Yes
Pusha T,https://docs.google.com/spreadsheets/d/1S695-f_ZckQByFgHy-FVNHojxrG0sqVqy-bQNYdK0c8/edit#gid=1932839414,"Poptart, vertie, m3ltmyeyez, slothsavedearth",Mostly,Mostly
Pusha T,https://docs.google.com/spreadsheets/d/11s3VvFmPKPxcs-ZDJe6nmao5cBjab9Sp0uqAZ3-MyDc/edit#gid=0,@IAmBatby,No,Mostly
Quadeca,https://docs.google.com/spreadsheets/d/1YXXvANbMdpViF1SbavcnHE1-KLTfmlZIdnGufiyi9eA/edit#gid=740993186,"u/Devishjack, u/Kevin_419 & lepslife",Yes,Yes
Quincy,https://docs.google.com/spreadsheets/d/1vcyVWCz8ZcJPWIr27wLw4jHMuzKmov3wmIZhKOyhMUg/edit#gid=0,garfiiieeelld on disc,Yes,Yes
Quinn,https://docs.google.com/spreadsheets/d/1tN-4h54IwDEDo1I7BTKIgGkgoWvq-0X_-XrXvNwalP8/edit?gid=1792554832#gid=1792554832,ichirofan10011,Yes,Yes
"Rae Sremmurd (& Swae Lee, Slim Jxmmi)",https://docs.google.com/spreadsheets/d/1BMq3Ki-eNLykcUotqbjGAxSTb1cll5ldPs9uRHrKXNs/edit#gid=953316347,@Swae Cae,Yes,No
RAYE,https://docs.google.com/spreadsheets/d/1XKxt2eS80Z4X2uOX0cZOTCMVtWYl1nfTWtJOQiBsXL0/edit?usp=sharing,"@leok, @raymeta12, @samvs",Yes,Mostly
Regurgitator,https://docs.google.com/spreadsheets/d/1a0MHNCTYt_gHiyu0B1Yt5MGEZy1Mu-A7T0Xtui9iWbk/edit?usp=sharing,@Bl4ckBugs,Yes,Yes
Rex Orange County,https://docs.google.com/spreadsheets/d/1R9dkRkIjoagXExTvKYYOkDvECK_NP591YhRQBqwkeuo/edit?usp=sharing,andygump211,Yes,Yes
Rihanna,https://docs.google.com/spreadsheets/d/1DKf6MBZ6KcKoKFH5Vnl1qc3CrPIiHey-EgOrpKpLZQo/edit?usp=sharing,Jeen&noa,Yes,Yes
Rich Brian,https://docs.google.com/spreadsheets/d/1pvgSVw3Ke00Nle5ylebJmHXFtmsWkKmdnVo7vi8Gb4g/edit?gid=1377910516#gid=1377910516,justjaelyn,Yes,Yes
Robb Bank$,https://docs.google.com/spreadsheets/d/1DjFWniHOO2WdoXZdzBjasvwGs5KxfDJsQQdbzcrMRIk/edit,bliss,Yes,No
üö©Roddy Ricch,https://docs.google.com/spreadsheets/d/1EfBu6gpiqdMIqIXrN1RZUok-TikdFOqzyTtGPgMfx28/edit?usp=sharing,@EasyBreezyCz,Yes,No
ROSAL√çA,https://docs.google.com/spreadsheets/d/1r98aVOoa3Gg-ObBl4A0ekRXJ4X6oHMBIY-3G37bhrtk/edit?usp=sharing,Jeen,Yes,Yes
"Royce Da 5'9""",https://docs.google.com/spreadsheets/d/1pwUiDLO02pqKZjsAqA7lyf-EmWHzuxq4ACQ--76CeRA/edit?gid=735631992#gid=735631992,GrimR3xx & SavageGamer44,Yes,Yes
Sabrina Carpenter [Alt #1],https://docs.google.com/spreadsheets/d/1DuODWAc3GqK8fK7wV0yH_dCGXeoP85SYgx1ZnR3ZY1A/edit,werenotalike on disc,Yes,Yes
Sabrina Carpenter,https://docs.google.com/spreadsheets/d/154zqyDgUCcl3VEhLK6optnFdMRwkuZv4ZPDQz7x04d4/edit#gid=0,@cleopatra,No,Yes
SahBabii,https://docs.google.com/spreadsheets/d/1NXFFPblYYTRtunLEv_UrjeeuX7d3wSU2fmwMfO827ts/edit?gid=306146520#gid=306146520,"Roses, thxyuvi",Yes,Yes
SAINt JHN,https://docs.google.com/spreadsheets/d/1pGXBYLfew01Fol15HVvJ08UNag3guqCAo9nFeNitFkM/edit#gid=0,@Maxen,No,Mostly
SALEM,https://docs.google.com/spreadsheets/d/e/2PACX-1vQwKlt8Fzy9bnhePeOfBKe4sMhzH-Q8ij5eo3qXK134qXzWVIXstQhGbtFZH9bX0g/pubhtml,coldbeam,Yes,Yes
Selena Gomez,https://docs.google.com/spreadsheets/d/1-3CH8G-Rbpzya0-Yx5TfdGLsLpzFxmLzoKhxnev7tRU/edit#gid=436420468,@Shadalena@mileyopolis,Yes,No
Shady Records,https://docs.google.com/spreadsheets/u/0/d/1M5XxuiUbx38V0XhxSgO3AiD124S5mLA8mj3C8m-G8Ew/htmlview#gid=910149973,"GrimR3xx, Franki8000, G-Man Junior",Yes,Yes
shebeel661k,https://docs.google.com/spreadsheets/d/1JNBQwTH-LJ49YPMWZjIwuRWbYo9L2AM9RS5up-LJMA0/edit#gid=0,darzn#0006,Yes,Yes
Sheck Wes,https://docs.google.com/spreadsheets/d/1DZTmNAHXkuzMnywjgW_GFld-_Wby0ByCu49vpaFNt5A/edit?gid=0#gid=0,helltoparadise,No,No
Shed Theory,https://docs.google.com/spreadsheets/d/16tjBtKro4UD8UVAsJdHaeW1J0TDiOU5wxc_mHOdFeUQ/edit?usp=sharing,vnderscore & imlukie,Yes,Yes
Sheff G,https://docs.google.com/spreadsheets/d/1VsUkKon5S5SA-XVJ8_sgn44ZiodGaawH3GYujbmp8-c/edit?gid=1199475919#gid=1199475919,"DarkStakerz, Gopo,zestysyrup",Yes,Yes
hiey,https://docs.google.com/spreadsheets/d/1RhFKRLKc7PkncRCSspJI5FxvEToiWX37SQzhAuCMkys/edit?gid=766670282#gid=766670282,justjaelyn,Yes,Yes
Shoreline Mafia,https://docs.google.com/spreadsheets/d/1bcJGZQsUJ8sf8MQVN8XZSx7K8rcjvr0cH6DwJRsS-xQ/edit?gid=1574243648#gid=1574243648,liaof,Yes,Yes
Shotgun Willy,https://docs.google.com/spreadsheets/d/1L-aysStieq72VplJO8HKVBMCH_mEPivcHSAq7wyb6bc/edit,Zeffo,Yes,Yes
Silas,https://docs.google.com/spreadsheets/d/1l1B5jtraBCpUW2ZWks4Ghh1MOqZuDOinXFDeePqvis0/edit#gid=0,@comptonrapper & Skiwalker Home,Mostly,Yes
Skaiwater,https://docs.google.com/spreadsheets/d/1P4ArPuRP6_Sq7LErNHptP2ry6fm3lBjHM9Rg47hRwNU/edit?gid=1665643809#gid=1665643809,Roses,Yes,Yes
Ski Mask the Slump God [Alt #1],https://docs.google.com/spreadsheets/d/1I3WPANypl0dm6XxS8duPz-VuAnU-pFfeeE3cMrxSYug/edit#gid=0,Ski Mask Discord,No,Yes
Ski Mask the Slump God [Alt #2],https://docs.google.com/spreadsheets/d/1wOYfZcP-UGA5xN2AP6UGbFbRGm3ylvCPYDlZhHQ4Iqo/edit#gid=1369386688,Scizor,Yes,No
Skrillex,https://docs.google.com/spreadsheets/d/15hYI-8geDvt5ts_ipqRorHbimpgtcLZwJtbCZzj4Gl8/edit?usp=sharing,"dnL, UnreleasedDrops",Yes,Yes
Slayyyter,https://docs.google.com/spreadsheets/d/1kJBsqYYwEOhJw7yuvRGO47r1xdwxlKuIkWFAjCy5_nU/edit?gid=780455670#gid=780455670,Jeen& XCX Archivist,Yes,Yes
Smino,https://docs.google.com/spreadsheets/d/1NLx9U-A_Xi78HlyQzfbLCbAHiyxSk2Jxf06g6J5oypQ/edit?gid=306146520#gid=306146520,AnalogDekalog,Yes,Yes
Smokepurpp,https://docs.google.com/spreadsheets/d/1KrZM7GA-DeWqUWA4vaxYnY7d0rqxaQyuLhW8LUeh8sk/edit#gid=0,@Rojas999,No,Yes
Snoop Dogg,https://docs.google.com/spreadsheets/d/1aBYvCXXRnHKsNL3j-07nASGZcSwY98UAnFa66X0vdJg/edit#gid=843493450,@JuB,No,Yes
SoFaygo,https://docs.google.com/spreadsheets/d/1HISW5L6rWvEW-ZtHrUQRBbjwfOYTrTuzi5fgPkwtObQ/edit#gid=1792554832,@joshkori,Yes,Yes
SoGoneSoFlexy,https://docs.google.com/spreadsheets/d/1JncPnYfOuIKXH9fkl6Gru9Sj9aZ6Wk-wKF-Bb90SKms/edit#gid=1792554832,Tuck &Bruno,Mostly,Yes
Sonder,https://docs.google.com/spreadsheets/d/1-zyjhDdgKvCpoVZ2gAJ5NwEdfElp0MPiCGhF-bmTXM8/edit?gid=1880738736#gid=1880738736,liaof,Yes,Mostly
SOPHIE,https://docs.google.com/spreadsheets/d/1to4ZPK7_FRxtLgvDg3mD5YMSTAOMAFyAXquIjYwz-u8/edit#gid=1290934378,MeantToBeIconic,Yes,Yes
SOPHIE [Alt #1],https://docs.google.com/spreadsheets/d/1eggiBiwifQuWV_gCTifthmbjGF-rXH7pHz6yiLtn8Xk/edit?gid=864950135#gid=864950135,"Crazy Fairy, PonyFaceBoyShop, c xeon",Yes,Yes
SosMula,https://docs.google.com/spreadsheets/d/1g4wGHgo_7bdC_nnWg7BA80cGo1aQV9OE8qtm8dKqUgw/edit#gid=0,u/MulaKami666,Yes,Mostly
Summer Walker,https://docs.google.com/spreadsheets/d/1z9rWKIcEKxODq_9BdElNAJXffnYhFtrwc1Yzo7_OViM/edit#gid=1228341798,"lioaf,skaura2&moonlight runs pop",Yes,Yes
SZA,https://docs.google.com/spreadsheets/d/11I_l0_yeZE7iwGzmAeWPBs10QWvDmYdwcC7aKz-pfO8/edit#gid=23705028,noa,Mostly,Yes
üö©Tame Impala,https://docs.google.com/spreadsheets/d/1xysNEIwHJJu_cPmrJ9mOYDbirEfralr-iJckrvm48Uk/edit#gid=0,@KrackerZ,No,No
Tate McRae,https://docs.google.com/spreadsheets/d/1d-NrWj_0FnsXlunShR4cmG_DodPRm5RATs8d22Pjtro/edit,"Leethelemur, Jamie, Coal & hcaor",Yes,Mostly
Tay-K,https://docs.google.com/spreadsheets/d/1_JNEFoF3_yuo4bOaA4VtkST1R9JgVeb72t9J1h4uTjM/edit#gid=1369386688,@teejayx7,No,Yes
Taylor Swift,https://docs.google.com/spreadsheets/d/1hXksvQRYqhHMEnF4sK8R66NYR_H1qSnQeUyTTg_uj0Y/edit#gid=1509926816,Rain51db & Animal Crackers,Yes,Yes
Taylor Swift,https://docs.google.com/spreadsheets/d/1jpgnxjwrAKEuhze8UC8r8Ax2ZdNgGRdVZ_REQg3L-hU/edit#gid=0,@aviciinternational,No,No
Teejayx6 - Kasher Quon - 10kkev,https://docs.google.com/spreadsheets/d/12gM94_cLnTfE7Ue8vpwem2QXYvf_y_k2vECbzYz5twE/edit#gid=1369386688,@teejayx7,Yes,No
Thaiboy Digital,https://docs.google.com/spreadsheets/d/e/2PACX-1vS6kX9D6BPvafzeTXX-QTPlw-sCmcT3S2ILGN7JbyMygBZd0QUfOMv1laweekr3JQSVh7U4c46my2U5/pubhtml,monsterTUBE_xxx on Twitter,Mostly,Mostly
The Avalanches,https://docs.google.com/spreadsheets/d/1dTTzRtVx8iUDViabUwKzCr7jKFIlTho5YMmydnFzKEc/edit?usp=sharing,FinleyG√≥mez#3383,Yes,Yes
The Beatles,https://docs.google.com/spreadsheets/d/1y34Zmg8AtI1FZmwOFzUCusLSE3KuwpNKpFdeOQfnuBc/edit?gid=1792554832#gid=1792554832,u/ItsMichaelRay,Yes,No
The Chainsmokers,https://docs.google.com/spreadsheets/d/1F88FHHxY6fa9Q0jUChoPSn6G1LCtD0P534SqjtHgZw8/edit?gid=503467644#gid=503467644,"milagoat, kevich",Yes,Yes
The Kid LAROI,https://docs.google.com/spreadsheets/d/1a8_li_D3rG0iDLqT9AGZsRVojlEyhO_nb735cRpyUvE/edit#gid=0,@Capri@Desper,No,Yes
The Marias,https://docs.google.com/spreadsheets/d/1-_xigU6uFVV92XUJnEeVOZWiHox95soROW_cJN2lvDE/edit?gid=0#gid=0,zerosuperstar,Yes,Yes
The Notorious B.I.G,https://docs.google.com/spreadsheets/d/1fDQXnTEIqzApYAY7GH6AwZOA2Zmt8TFKiVMyCgBa4iA/edit#gid=1792554832,@Jay Z,Yes,Yes
The xx,https://docs.google.com/spreadsheets/d/1-44cL1Ofnt1TE8zv3K6DkzNqi7CiRplUTL7fx9zPI-M/edit?gid=0#gid=0,SukiIsFem!,Yes,Yes
Thundercat,https://docs.google.com/spreadsheets/u/0/d/1KN1eE89gaCsf8Lh_mnjxjfrz7HNQd7V833uxMPibZkU/htmlview#gid=321437127,@madvilliany,Yes,Yes
Tiny Meat Gang,https://docs.google.com/spreadsheets/d/1H6oR0bs1_sNUL-QbqXJwEzTNGBqV_Z7ejGQGbikk37k/edit,@googmire on disc,Yes,Yes
Tory Lanez,https://docs.google.com/spreadsheets/d/1wTAafdjDZt4DkKmJ6MTMP4ctJXD5zYDvow0Y4Y6bB0I/edit?usp=sharing,@InDe_eD,Yes,Yes
Top Dawg Entertainment,https://docs.google.com/spreadsheets/d/1R6E6ccGMRfKVLWzqJPjXQ0L3Z7FbCiUCdSkF8ApG368/edit?gid=1876057069#gid=1876057069,a.eol on disc,Yes,Yes
TrackerHub,https://docs.google.com/spreadsheets/d/17FyMI6p-sWT7FRmwvdhaRPrJmHHFAHEcYLizXGZ9-ec/edit?usp=sharing,[iaon],Yes,Yes
Travis Scott [Alt],https://docs.google.com/spreadsheets/d/1inoc1LL5bKIllJd5ZpllaIfJOMUn0f4S7JED_xH64yQ/edit?gid=335484962#gid=335484962,"slothsavedearth, isabel, hcaor, t3ndai, Soulsby",Yes,Yes
Trippie Redd,https://docs.google.com/spreadsheets/d/1FNvDiC75Fv3wvYBt1SQ9JpF2D5SR-LpPzJg2X7xGYQQ/edit#gid=0,tendai & slothsavedearth,Yes,Mostly
üö©Trippie Redd,https://docs.google.com/spreadsheets/d/1pvpJ4oH9wx2E5Kz98pZKxoy_zoeo9mVkCM7CHUyO8W0/edit#gid=1837923987,@EasyBreezyCz,Mostly,No
Troye Sivan,https://docs.google.com/spreadsheets/d/1TdzAx-eOyUjshgX_4vzG6nSO76T3Lv7D3cbjdx5kDIM/edit?usp=sharing,Jeen,Yes,Yes
Twenty One Pilots,https://docs.google.com/spreadsheets/d/1-njYcJF1BwZ2auQ46Uz0pMNRwkylxGEKdR2D4oS_sHk/edit?usp=sharing,Whisp,Yes,Mostly
Twice,https://docs.google.com/spreadsheets/d/1jmc1dG979NvZ7UeAkL-BgFuM193f9xBIaFB9_XlsZ5Y/edit?usp=sharing,Selrun,Yes,Mostly
Ty Dolla $ign,https://docs.google.com/spreadsheets/u/1/d/1VY2WSxc1Wq9QioBYTxcOor694NUnJV7F-o5z0dYYb4I/edit#gid=0,@InDe_eD,No,No
Tyla,https://docs.google.com/spreadsheets/d/1md_JK1_qgVPo-OEitBtqvHUg1Yz6egBS3-r-O5g7wvA/edit?usp=sharing,"boyfromsouthdetroit, [TBA]",Yes,Yes
underscores,https://docs.google.com/spreadsheets/d/11rr10x_ZrimdnylZ9ESUVZDkAORPJb7OEb065muZKVY/edit?usp=drivesdk,sonoftherighthand_,Yes,Yes
untiljapan,https://docs.google.com/spreadsheets/d/1XR4A-TAojE_1EUXushbfxoKxjMrh0GcL2Z3XZHKCmbI/edit?gid=42918278#gid=42918278,twizzy,Yes,Yes
untitled,https://docs.google.com/spreadsheets/d/1Ca3vRAuWXeaRFImLUez7SAkfnRVmlIBlG3bQymOXw2c/edit?usp=drivesdk,phichanmeth on disc,Yes,Yes
UPSAHL,https://docs.google.com/spreadsheets/d/1S-oXxvDMZh2xzvSXrV-Fj69OzRWrZl4xwWHCwz3p8TY/edit#gid=1792554832,@Vinyl,Yes,No
UPSAHL [Alt],https://docs.google.com/spreadsheets/d/1TV_3sdeL4R9zlhQ07A5nEYS6P411TjTiGfTP4-KmZMw/edit?gid=0#gid=0,cherrykoolaid.mp3,Yes,Yes
Veeze,https://docs.google.com/spreadsheets/d/1abHieI_Uloarr9luFqjONk4giiNBAG9Ok95qb7uKVWM/edit?gid=306146520#gid=306146520,"Roses, thxyuvi",Yes,Yes
Vince Staples,https://docs.google.com/spreadsheets/d/1_NjFkevi7tbhqAGHSfgaEsKrzRgvPePUeCLv0GG2GgU/edit?gid=306146520#gid=306146520,"Inertia, abenotbabe, BigGuy87, ColbyJackChedda, yankivator, dylzzz, Maliceeee",Yes,Yes
Vory,https://docs.google.com/spreadsheets/d/1GkNscF4cMdldugf3gRzVkAXoPHQ67LNv9SHKRuYmr1E/edit?gid=689862787#gid=689862787,inDe_eD,Yes,Yes
Weiland,https://docs.google.com/spreadsheets/d/1B4tLycf_6mq_t5e5FqFYHrMO1T9P43hj-eDv_EmL47A/edit#gid=0,Roses,Yes,No
Westside Gunn,https://docs.google.com/spreadsheets/d/1_dFPF4tSdIuwRUj_UXUFz5qeNVJm-9lCl3zhIGXt0wI/edit#gid=514066493,slothsavedearth,Yes,Yes
Wu-Tang Clan,https://docs.google.com/spreadsheets/d/1IK9NEjkSk9ln_qzfjD41dcMKAlaBMcekTJBQsuTKbS0/edit?usp=sharing,"TK, Killlluminati",Mostly,Yes
Wu-Tang Clan [Alt #2],https://docs.google.com/spreadsheets/d/11PU52grDwUcblNjO5Fli_CJiBtMyc-11YpJCuW62qTY/edit,Killlluminati,Mostly,No
XXXTENTACION [Alt],https://docs.google.com/spreadsheets/d/1TiUyuiXWCy5A9VTJJBoCgFqv0YapdjbEPLTrso8CTfs/edit#gid=1369386688,@VR VLONE,Yes,Yes
YNW Melly,https://docs.google.com/spreadsheets/d/12F6NiZjW1jVkWP3Be9auscqfkFIGO617SxPnIAt48Og/edit#gid=1792554832,@Jay Z,Yes,Yes
Young Nudy,https://docs.google.com/spreadsheets/d/13NdGOf_18SYmKi8oZX97zAGJgv0pJEH59k2Dxj7RkCM/edit#gid=0,@Anatomy& Roses,Yes,Mostly
Young Thug [Alt #1],https://docs.google.com/spreadsheets/d/1RWeaWFGEeUfGrVqY4XX0CgMfjlPsM5KHqiKBb8wtXKQ/edit#gid=2107566434,@Young Thug@slattgod& SabSad,No,Yes
üö©Yung Bans,https://docs.google.com/spreadsheets/d/1WH1Dh6oq1pCw8-G-z3YcF8lZzZcOYAG2JIvvjrT6khc/edit?usp=sharing,@EasyBreezyCz,Yes,Yes
Yung God,https://docs.google.com/spreadsheets/u/1/d/e/2PACX-1vQWzkfdph1PURT2C0fHNuag4PtW4kULCjzhXUoAypPjPoPStBPKjxHS6zQ67EoJHwpVyBANCnLmZOF4/pubhtml,monsterTUBE_xxx on Twitter,Mostly,Yes
Yung Lean [Alt #1],https://docs.google.com/spreadsheets/d/1nyJyldGfvH5lc8dh7--NMXbQgCCJ5NEgDZbSJH9Uvws/edit#gid=0,comradedari,No,No
Zara Larsson,https://docs.google.com/spreadsheets/d/12Chjr-9_ENK5Ek6ScnMBndI_0UudrGfQ7cLCnefbWO8/edit#gid=9032061,@leok,Yes,Mostly
Zayn,https://docs.google.com/spreadsheets/d/15q7YTsbf49pLo80ceW7JLruLr7XzP3NyvypfDyQsJw0/edit#gid=1792554832,@Pankaj Rabha,Mostly,Mostly
ZillaKami,https://docs.google.com/spreadsheets/d/1WqCclZjeBjJsbW7GWxa1o_hOtu0YqrD3_bm7lZttXU4/edit#gid=1369386688,Scizor,Yes,No
Andrei Simion,,,,
Hudson Piper,,,,
Goop Gon,,,,
Michel Fessler,,,,
Xder,,,,
OffBrandCHEZ,,,,
Nora Teuscher-Flinn,,,,
arnas d,,,,
jango gees,,,,
ForlongedFrog22,,,,
Tony Shock,,,,
Pedrino‰∏™,,,,
Bimaster720,,,,
Jimmy Mejay,,,,
Yuval Nagar,,,,
Kit,,,,
Brandon Cornejo,,,,
Schorsch Trachsel,,,,
brian fortin,,,,
ƒ∞brahim Halil Macit,,,,
santmol,,,,
Jashon Settle,,,,
Brody,,,,
Aansh Chopra,,,,
Matt Slinn,,,,
Bereket Dereje,,,,
Fate,,,,
berhman,,,,
Jeffrey Slattery,,,,
Humu syu,,,,
john mclaughlin,,,,
zKeLeToNzReborn,,,,
Strict Loggerina,,,,
Goofy Goobervr,,,,
Alias,,,,
RJ Church,,,,
IgorAlbumCover,,,,
Brady Rodriguez,,,,
RT Smith,,,,
Ungur √çvar,,,,
Alonso Flores,,,,
Vasyl Tkachuk,,,,
Johnny,,,,
Leon Suner,,,,
Eric Paulo,,,,
Jacob Descafano,,,,
Jimbo Jones,,,,
UltimateTux,,,,
WUHKUHH!!!: FIRST & GOAL CARDS,,,,
Max Ruybal,,,,
Adrian,,,,
ejaba,,,,
Skeledon,,,,
Matteo,,,,
Fak,,,,
scar1jpg,,,,
Grant,,,,
Supreme Joey,,,,
Julian Oof,,,,
Jacob Logan,,,,
Pure Remix,,,,
Jerome Kroon,,,,
chillmanmax,,,,
zure,,,,
juicy burgers,,,,
miahdawiah,,,,
funkymoukxd,,,,
TSCHOSCH,,,,
Sheed3131,,,,
wubli9,,,,
simplymako,,,,
zolris zolris,,,,
OPG,,,,
Edwin Escalante,,,,
BEEFYKEITH44,,,,
Jordan,,,,
sean,,,,
Michael K√∂stler,,,,
Smithy Dunkles,,,,
Lohmann,,,,
Jiga,,,,
astren,,,,
Tom Vallv√©,,,,
Jean-Fran√ßois Bult√©,,,,
Jaxson McCalley,,,,
flymf,,,,
Amir Cruz,,,,
ltx,,,,
Spirit,,,,
Nick L,,,,
Hex,,,,
Aleandro Lauri,,,,
No1,,,,
DB,,,,
4xSpeed,,,,
Zac Mitsakis,,,,
Pinguin,,,,
Cuboid,,,,
974Kanye,,,,
Der Widerstand,,,,
Sk8r Boi,,,,
Angry,,,,
Fronk Jocoby-Kolly,,,,
Carter Haskins,,,,
Oliver Edwards,,,,
Anton√≠n Jedliƒçka,,,,
tdOGG,,,,
se fvg,,,,
Grustania,,,,
ItsTheBlueFox,,,,
Heath Teasdale,,,,
Manny 6P,,,,
C_homezzz,,,,
Brimcoole,,,,
Alex Simos,,,,
Colby Black,,,,
Maxx Cantu,,,,
IsoLife,,,,
Max Brydon,,,,
Kevin Ramos,,,,
Hunter Fredrickson,,,,
koxics,,,,
John,,,,
Landon Heller,,,,
BlackBl1zzard,,,,
Nathan,,,,
Karim El-Saghir,,,,
Adam Spaulding,,,,
Jean Michele,,,,
nutter butter,,,,
lochlann Owen-Tucker,,,,
Mark Gergard,,,,
JACK3D_DOUBLE_p,,,,
James Melaney,,,,
Real DMC2G,,,,
Linus King,,,,
jack11184,,,,
luke gray,,,,
Weglandsy Aldajuste,,,,
Nicholas Nunes,,,,
Marcus Hem,,,,
Shane Johnson,,,,
Caleb Gaddis,,,,
Corey Cervantes,,,,
zKeLeToNz,,,,
shortapec,,,,
T,,,,
onyx,,,,
Marcos,,,,
Finn Kelly,,,,
Zachdev,,,,
Kaden Sommers,,,,
George Roumy,,,,
Lil Brody,,,,
Andy Ackerrman,,,,
cheezballs,,,,
17again,,,,
Simon Krupp,,,,
Raloxn,,,,
noodle004,,,,
,,,,
,,,,
,,,,
,,,,
,,,,
,,,,
,,,,
,,,,
,,,,
,,,,
,,,,
,,,,
,,,,
,,,,
,,,,
,,,,
,,,,
,,,,
,,,,
,,,,
,,,,
,,,,
,,,,
,,,,
,,,,
,,,,
,,,,
,,,,
,,,,
,,,,
,,,,
,,,,
,,,,
,,,,
,,,,
,,,,
,,,,
,,,,
,,,,
,,,,
,,,,
,,,,
,,,,
,,,,
,,,,
,,,,
,,,,
,,,,
,,,,
,,,,
,,,,
,,,,
,,,,
,,,,
,,,,
,,,,
,,,,
,,,,
,,,,
,,,,
,,,,
,,,,
,,,,
,,,,
,,,,
,,,,
,,,,
,,,,
,,,,
,,,,
,,,,
,,,,
,,,,
,,,,
,,,,
,,,,
,,,,
,,,,
,,,,
,,,,
,,,,
,,,,
,,,,
,,,,
,,,,
,,,,
,,,,
,,,,
,,,,
,,,,
,,,,
,,,,
,,,,
,,,,
,,,,
,,,,
,,,,
,,,,
,,,,
,,,,
,,,,
,,,,
,,,,
,,,,
,,,,
,,,,
,,,,
,,,,
,,,,
,,,,
,,,,
,,,,
,,,,
,,,,
,,,,
,,,,
,,,,
,,,,
,,,,
,,,,
,,,,
,,,,
,,,,
,,,,
,,,,
,,,,
,,,,
,,,,
,,,,
,,,,
,,,,
,,,,
,,,,
,,,,
,,,,
,,,,
,,,,
,,,,
,,,,
,,,,
,,,,
,,,,
,,,,
,,,,
,,,,
,,,,
,,,,
,,,,
,,,,
,,,,
,,,,
,,,,
,,,,
,,,,
,,,,
,,,,
,,,,
,,,,
,,,,
,,,,
,,,,
,,,,
,,,,
,,,,
,,,,
,,,,
,,,,
,,,,
,,,,
,,,,
,,,,
,,,,
,,,,
,,,,
,,,,
,,,,
,,,,
,,,,
,,,,
,,,,
,,,,
,,,,
,,,,
,,,,
,,,,
,,,,
,,,,
,,,,
,,,,
,,,,
,,,,
,,,,
,,,,
,,,,
,,,,
,,,,
,,,,
,,,,
,,,,
,,,,
,,,,
,,,,
,,,,
,,,,
,,,,
,,,,
,,,,
,,,,
,,,,
,,,,
,,,,
,,,,
,,,,
,,,,
,,,,
,,,,
,,,,
,,,,
,,,,
,,,,
,,,,
,,,,
,,,,
,,,,
,,,,
,,,,
,,,,
,,,,
,,,,
,,,,
,,,,
,,,,
,,,,
,,,,
,,,,
,,,,
,,,,
,,,,
,,,,
,,,,
,,,,
,,,,
,,,,
,,,,
,,,,
,,,,
,,,,
,,,,
,,,,
,,,,
,,,,
,,,,
,,,,
,,,,
,,,,
,,,,
,,,,
,,,,
,,,,
,,,,
,,,,
,,,,
,,,,
,,,,
,,,,
,,,,
,,,,
,,,,
,,,,
,,,,
,,,,
,,,,
,,,,
,,,,
,,,,
,,,,
,,,,
,,,,
,,,,
,,,,
,,,,
,,,,
,,,,
,,,,
,,,,
,,,,
,,,,
,,,,
,,,,
,,,,
,,,,
,,,,
,,,,
,,,,
,,,,
,,,,
,,,,
,,,,
,,,,
,,,,
,,,,
,,,,
,,,,
,,,,
,,,,
,,,,
,,,,
,,,,
,,,,
,,,,
,,,,
,,,,
,,,,
,,,,
,,,,
,,,,
,,,,
,,,,
,,,,
,,,,
,,,,
,,,,
,,,,
,,,,
,,,,
,,,,
,,,,
,,,,
,,,,
,,,,
,,,,
,,,,
,,,,
,,,,
,,,,
,,,,
,,,,
,,,,
,,,,
,,,,
,,,,
,,,,
,,,,
,,,,
,,,,
,,,,
,,,,
,,,,
,,,,
,,,,
,,,,
,,,,
,,,,
,,,,
,,,,
,,,,
,,,,
,,,,
,,,,
,,,,
,,,,
,,,,
,,,,
,,,,
,,,,
,,,,
,,,,
,,,,
,,,,
,,,,
,,,,
,,,,
,,,,
,,,,
,,,,
,,,,
,,,,
,,,,
,,,,
,,,,
,,,,
,,,,
,,,,
,,,,
,,,,
,,,,
,,,,
,,,,
,,,,
,,,,
,,,,
,,,,
,,,,
,,,,
